name	type	units	low_cutoff	high_cutoff	reference	status	status_description
Fp1	EEG	uV	n/a	n/a	FCz	good	n/a
Fp2	EEG	uV	n/a	n/a	FCz	good	n/a
F3	EEG	uV	n/a	n/a	FCz	good	n/a
F4	EEG	uV	n/a	n/a	FCz	good	n/a
C3	EEG	uV	n/a	n/a	FCz	good	n/a
C4	EEG	uV	n/a	n/a	FCz	good	n/a
P3	EEG	uV	n/a	n/a	FCz	good	n/a
P4	EEG	uV	n/a	n/a	FCz	good	n/a
O1	EEG	uV	n/a	n/a	FCz	good	n/a
O2	EEG	uV	n/a	n/a	FCz	good	n/a
F7	EEG	uV	n/a	n/a	FCz	good	n/a
F8	EEG	uV	n/a	n/a	FCz	good	n/a
T7	EEG	uV	n/a	n/a	FCz	good	n/a
T8	EEG	uV	n/a	n/a	FCz	good	n/a
P7	EEG	uV	n/a	n/a	FCz	good	n/a
P8	EEG	uV	n/a	n/a	FCz	good	n/a
Fz	EEG	uV	n/a	n/a	FCz	good	n/a
Cz	EEG	uV	n/a	n/a	FCz	good	n/a
Pz	EEG	uV	n/a	n/a	FCz	good	n/a
Iz	EEG	uV	n/a	n/a	FCz	good	n/a
FC1	EEG	uV	n/a	n/a	FCz	good	n/a
FC2	EEG	uV	n/a	n/a	FCz	good	n/a
CP1	EEG	uV	n/a	n/a	FCz	good	n/a
CP2	EEG	uV	n/a	n/a	FCz	good	n/a
FC5	EEG	uV	n/a	n/a	FCz	good	n/a
FC6	EEG	uV	n/a	n/a	FCz	good	n/a
CP5	EEG	uV	n/a	n/a	FCz	good	n/a
CP6	EEG	uV	n/a	n/a	FCz	good	n/a
TP9	EEG	uV	n/a	n/a	FCz	good	n/a
TP10	EEG	uV	n/a	n/a	FCz	good	n/a
F1	EEG	uV	n/a	n/a	FCz	good	n/a
F2	EEG	uV	n/a	n/a	FCz	good	n/a
C1	EEG	uV	n/a	n/a	FCz	good	n/a
C2	EEG	uV	n/a	n/a	FCz	good	n/a
P1	EEG	uV	n/a	n/a	FCz	good	n/a
CPz	EEG	uV	n/a	n/a	FCz	good	n/a
AF3	EEG	uV	n/a	n/a	FCz	good	n/a
AF4	EEG	uV	n/a	n/a	FCz	good	n/a
FC3	EEG	uV	n/a	n/a	FCz	good	n/a
FC4	EEG	uV	n/a	n/a	FCz	good	n/a
CP3	EEG	uV	n/a	n/a	FCz	good	n/a
CP4	EEG	uV	n/a	n/a	FCz	good	n/a
PO3	EEG	uV	n/a	n/a	FCz	good	n/a
PO4	EEG	uV	n/a	n/a	FCz	good	n/a
F5	EEG	uV	n/a	n/a	FCz	good	n/a
F6	EEG	uV	n/a	n/a	FCz	good	n/a
C5	EEG	uV	n/a	n/a	FCz	good	n/a
C6	EEG	uV	n/a	n/a	FCz	good	n/a
P5	EEG	uV	n/a	n/a	FCz	good	n/a
P6	EEG	uV	n/a	n/a	FCz	good	n/a
AF7	EEG	uV	n/a	n/a	FCz	good	n/a
AF8	EEG	uV	n/a	n/a	FCz	good	n/a
FT7	EEG	uV	n/a	n/a	FCz	good	n/a
FT8	EEG	uV	n/a	n/a	FCz	good	n/a
TP7	EEG	uV	n/a	n/a	FCz	good	n/a
TP8	EEG	uV	n/a	n/a	FCz	good	n/a
PO7	EEG	uV	n/a	n/a	FCz	good	n/a
PO8	EEG	uV	n/a	n/a	FCz	good	n/a
FCz	EEG	uV	n/a	n/a	FCz	good	n/a
P2	EEG	uV	n/a	n/a	FCz	good	n/a
POz	EEG	uV	n/a	n/a	FCz	good	n/a
Oz	EEG	uV	n/a	n/a	FCz	good	n/a
