blockcode	trialcode	condition	response_key	response_time	correct	commission_error	omission_error
testblock	verticalcue_nogo	nogo	0	0.75	1	1	0
testblock	verticalcue_nogo	nogo	0	0.75	1	1	0
testblock	verticalcue_go	go	57	0.433	1	0	0
testblock	horizontalcue_go	go	57	0.392	1	0	0
testblock	verticalcue_nogo	nogo	57	0.427	0	1	0
testblock	verticalcue_go	go	57	0.375	1	0	0
testblock	verticalcue_nogo	nogo	0	0.75	1	1	0
testblock	verticalcue_go	go	57	0.361	1	0	0
testblock	verticalcue_go	go	57	0.544	1	0	0
testblock	verticalcue_go	go	57	0.398	1	0	0
testblock	verticalcue_go	go	57	0.327	1	0	0
testblock	verticalcue_go	go	57	0.377	1	0	0
testblock	horizontalcue_nogo	nogo	57	0.457	1	1	0
testblock	horizontalcue_nogo	nogo	57	0.308	1	1	0
testblock	horizontalcue_nogo	nogo	57	0.433	1	1	0
testblock	verticalcue_nogo	nogo	0	0.75	1	1	0
testblock	verticalcue_go	go	57	0.33	1	0	0
testblock	verticalcue_go	go	57	0.401	1	0	0
testblock	verticalcue_nogo	nogo	57	0.256	0	1	0
testblock	horizontalcue_go	go	0	0.75	0	0	0
testblock	horizontalcue_go	go	0	0.75	0	0	0
testblock	verticalcue_nogo	nogo	57	0.335	0	1	0
testblock	horizontalcue_go	go	57	0.566	1	0	0
testblock	horizontalcue_go	go	57	0.348	1	0	0
testblock	horizontalcue_go	go	57	0.307	1	0	0
testblock	verticalcue_go	go	57	0.288	1	0	0
testblock	horizontalcue_nogo	nogo	57	0.282	1	1	0
testblock	verticalcue_nogo	nogo	57	0.283	0	1	0
testblock	horizontalcue_go	go	57	0.303	1	0	0
testblock	horizontalcue_go	go	57	0.48	1	0	0
testblock	horizontalcue_go	go	57	0.482	1	0	0
testblock	horizontalcue_nogo	nogo	57	0.378	1	1	0
testblock	horizontalcue_nogo	nogo	57	0.432	1	1	0
testblock	verticalcue_go	go	57	0.403	1	0	0
testblock	verticalcue_nogo	nogo	0	0.75	1	1	0
testblock	verticalcue_go	go	57	0.319	1	0	0
testblock	horizontalcue_go	go	57	0.479	1	0	0
testblock	horizontalcue_go	go	57	0.479	1	0	0
testblock	verticalcue_nogo	nogo	57	0.304	0	1	0
testblock	horizontalcue_nogo	nogo	57	0.399	1	1	0
testblock	horizontalcue_go	go	57	0.487	1	0	0
testblock	horizontalcue_nogo	nogo	57	0.33	1	1	0
testblock	verticalcue_go	go	57	0.428	1	0	0
testblock	verticalcue_nogo	nogo	57	0.351	0	1	0
testblock	horizontalcue_nogo	nogo	57	0.47	1	1	0
testblock	verticalcue_go	go	57	0.313	1	0	0
testblock	horizontalcue_nogo	nogo	57	0.51	1	1	0
testblock	verticalcue_go	go	57	0.321	1	0	0
testblock	horizontalcue_go	go	57	0.399	1	0	0
testblock	horizontalcue_go	go	57	0.392	1	0	0
testblock	horizontalcue_go	go	57	0.335	1	0	0
testblock	verticalcue_go	go	57	0.418	1	0	0
testblock	horizontalcue_nogo	nogo	57	0.483	1	1	0
testblock	horizontalcue_nogo	nogo	57	0.417	1	1	0
testblock	verticalcue_go	go	57	0.219	1	0	0
testblock	verticalcue_go	go	57	0.294	1	0	0
testblock	horizontalcue_go	go	57	0.275	1	0	0
testblock	verticalcue_nogo	nogo	57	0.174	0	1	0
testblock	verticalcue_go	go	57	0.33	1	0	0
testblock	horizontalcue_nogo	nogo	57	0.279	1	1	0
testblock	verticalcue_go	go	57	0.382	1	0	0
testblock	horizontalcue_nogo	nogo	57	0.74	1	1	0
testblock	horizontalcue_nogo	nogo	57	0.618	1	1	0
testblock	horizontalcue_nogo	nogo	57	0.377	1	1	0
testblock	horizontalcue_nogo	nogo	57	0.328	1	1	0
testblock	verticalcue_go	go	57	0.259	1	0	0
testblock	horizontalcue_go	go	57	0.442	1	0	0
testblock	verticalcue_go	go	57	0.47	1	0	0
testblock	verticalcue_go	go	57	0.423	1	0	0
testblock	verticalcue_nogo	nogo	0	0.75	1	1	0
testblock	verticalcue_go	go	57	0.356	1	0	0
testblock	verticalcue_nogo	nogo	57	0.287	0	1	0
testblock	horizontalcue_go	go	57	0.344	1	0	0
testblock	horizontalcue_go	go	57	0.319	1	0	0
testblock	horizontalcue_go	go	57	0.284	1	0	0
testblock	horizontalcue_go	go	57	0.366	1	0	0
testblock	horizontalcue_nogo	nogo	57	0.54	1	1	0
testblock	verticalcue_nogo	nogo	0	0.75	1	1	0
testblock	verticalcue_nogo	nogo	57	0.28	0	1	0
testblock	horizontalcue_go	go	57	0.477	1	0	0
testblock	horizontalcue_nogo	nogo	57	0.362	1	1	0
testblock	verticalcue_go	go	57	0.319	1	0	0
testblock	verticalcue_go	go	57	0.332	1	0	0
testblock	horizontalcue_nogo	nogo	57	0.313	1	1	0
testblock	horizontalcue_go	go	57	0.338	1	0	0
testblock	horizontalcue_nogo	nogo	57	0.52	1	1	0
testblock	verticalcue_nogo	nogo	57	0.295	0	1	0
testblock	verticalcue_nogo	nogo	0	0.75	1	1	0
testblock	verticalcue_nogo	nogo	57	0.278	0	1	0
testblock	horizontalcue_go	go	57	0.448	1	0	0
testblock	verticalcue_go	go	57	0.416	1	0	0
testblock	verticalcue_go	go	57	0.297	1	0	0
testblock	horizontalcue_go	go	57	0.332	1	0	0
testblock	horizontalcue_nogo	nogo	57	0.295	1	1	0
testblock	horizontalcue_go	go	57	0.327	1	0	0
testblock	horizontalcue_go	go	57	0.362	1	0	0
testblock	verticalcue_go	go	57	0.2	1	0	0
testblock	horizontalcue_nogo	nogo	57	0.525	1	1	0
testblock	horizontalcue_nogo	nogo	57	0.406	1	1	0
testblock	verticalcue_nogo	nogo	57	0.213	0	1	0
testblock	horizontalcue_nogo	nogo	57	0.474	1	1	0
testblock	verticalcue_go	go	57	0.326	1	0	0
testblock	horizontalcue_go	go	57	0.467	1	0	0
testblock	verticalcue_go	go	57	0.447	1	0	0
testblock	horizontalcue_go	go	57	0.441	1	0	0
testblock	verticalcue_nogo	nogo	0	0.75	1	1	0
testblock	horizontalcue_nogo	nogo	57	0.34	1	1	0
testblock	verticalcue_nogo	nogo	57	0.236	0	1	0
testblock	horizontalcue_nogo	nogo	57	0.463	1	1	0
testblock	horizontalcue_go	go	57	0.528	1	0	0
testblock	horizontalcue_go	go	57	0.296	1	0	0
testblock	horizontalcue_nogo	nogo	57	0.323	1	1	0
testblock	horizontalcue_nogo	nogo	57	0.224	1	1	0
testblock	horizontalcue_nogo	nogo	57	0.517	1	1	0
testblock	verticalcue_nogo	nogo	0	0.75	1	1	0
testblock	verticalcue_nogo	nogo	57	0.403	0	1	0
testblock	verticalcue_nogo	nogo	0	0.75	1	1	0
testblock	horizontalcue_go	go	57	0.418	1	0	0
testblock	horizontalcue_nogo	nogo	57	0.328	1	1	0
testblock	horizontalcue_go	go	57	0.348	1	0	0
testblock	verticalcue_nogo	nogo	57	0.391	0	1	0
testblock	verticalcue_go	go	57	0.52	1	0	0
testblock	verticalcue_nogo	nogo	0	0.75	1	1	0
testblock	horizontalcue_nogo	nogo	57	0.464	1	1	0
testblock	verticalcue_nogo	nogo	57	0.392	0	1	0
testblock	horizontalcue_go	go	57	0.562	1	0	0
testblock	horizontalcue_nogo	nogo	57	0.473	1	1	0
testblock	horizontalcue_nogo	nogo	57	0.163	1	1	0
testblock	verticalcue_nogo	nogo	57	0.393	0	1	0
testblock	verticalcue_go	go	57	0.503	1	0	0
testblock	horizontalcue_nogo	nogo	57	0.593	1	1	0
testblock	verticalcue_nogo	nogo	0	0.75	1	1	0
testblock	verticalcue_go	go	57	0.411	1	0	0
testblock	horizontalcue_nogo	nogo	57	0.386	1	1	0
testblock	horizontalcue_nogo	nogo	57	0.507	1	1	0
testblock	verticalcue_nogo	nogo	0	0.75	1	1	0
testblock	horizontalcue_go	go	57	0.514	1	0	0
testblock	horizontalcue_go	go	57	0.461	1	0	0
testblock	verticalcue_go	go	57	0.406	1	0	0
testblock	horizontalcue_go	go	57	0.307	1	0	0
testblock	verticalcue_nogo	nogo	0	0.75	1	1	0
testblock	horizontalcue_nogo	nogo	57	0.487	1	1	0
testblock	verticalcue_nogo	nogo	0	0.75	1	1	0
testblock	horizontalcue_nogo	nogo	57	0.422	1	1	0
testblock	verticalcue_nogo	nogo	0	0.75	1	1	0
testblock	horizontalcue_go	go	0	0.75	0	0	0
testblock	horizontalcue_go	go	0	0.75	0	0	0
testblock	horizontalcue_go	go	57	0.457	1	0	0
testblock	verticalcue_nogo	nogo	0	0.75	1	1	0
testblock	verticalcue_go	go	57	0.402	1	0	0
testblock	horizontalcue_go	go	57	0.371	1	0	0
testblock	horizontalcue_nogo	nogo	57	0.383	1	1	0
testblock	horizontalcue_go	go	57	0.367	1	0	0
testblock	horizontalcue_nogo	nogo	57	0.453	1	1	0
testblock	horizontalcue_nogo	nogo	57	0.522	1	1	0
testblock	verticalcue_go	go	57	0.521	1	0	0
testblock	horizontalcue_go	go	57	0.256	1	0	0
testblock	horizontalcue_nogo	nogo	57	0.495	1	1	0
testblock	horizontalcue_go	go	57	0.275	1	0	0
testblock	verticalcue_nogo	nogo	0	0.75	1	1	0
testblock	verticalcue_go	go	57	0.372	1	0	0
testblock	horizontalcue_go	go	57	0.222	1	0	0
testblock	horizontalcue_nogo	nogo	57	0.407	1	1	0
testblock	verticalcue_nogo	nogo	0	0.75	1	1	0
testblock	verticalcue_go	go	57	0.537	1	0	0
testblock	verticalcue_go	go	57	0.511	1	0	0
testblock	verticalcue_nogo	nogo	57	0.397	0	1	0
testblock	verticalcue_nogo	nogo	0	0.75	1	1	0
testblock	verticalcue_nogo	nogo	0	0.75	1	1	0
testblock	horizontalcue_nogo	nogo	57	0.51	1	1	0
testblock	verticalcue_nogo	nogo	57	0.497	0	1	0
testblock	verticalcue_go	go	57	0.477	1	0	0
testblock	verticalcue_go	go	57	0.492	1	0	0
testblock	horizontalcue_go	go	57	0.617	1	0	0
testblock	verticalcue_go	go	57	0.486	1	0	0
testblock	horizontalcue_go	go	0	0.75	0	0	0
testblock	verticalcue_go	go	57	0.409	1	0	0
testblock	verticalcue_nogo	nogo	0	0.75	1	1	0
testblock	horizontalcue_nogo	nogo	57	0.508	1	1	0
testblock	horizontalcue_nogo	nogo	57	0.423	1	1	0
testblock	verticalcue_go	go	57	0.388	1	0	0
testblock	verticalcue_go	go	57	0.33	1	0	0
testblock	horizontalcue_nogo	nogo	57	0.393	1	1	0
testblock	horizontalcue_nogo	nogo	57	0.575	1	1	0
testblock	verticalcue_nogo	nogo	0	0.75	1	1	0
testblock	verticalcue_go	go	57	0.443	1	0	0
testblock	verticalcue_go	go	57	0.414	1	0	0
testblock	verticalcue_nogo	nogo	0	0.75	1	1	0
testblock	horizontalcue_go	go	57	0.538	1	0	0
testblock	verticalcue_nogo	nogo	57	0.345	0	1	0
testblock	horizontalcue_go	go	57	0.405	1	0	0
testblock	horizontalcue_nogo	nogo	57	0.434	1	1	0
testblock	verticalcue_go	go	57	0.298	1	0	0
testblock	horizontalcue_nogo	nogo	57	0.379	1	1	0
testblock	verticalcue_nogo	nogo	0	0.75	1	1	0
testblock	horizontalcue_nogo	nogo	57	0.46	1	1	0
testblock	verticalcue_nogo	nogo	0	0.75	1	1	0
testblock	horizontalcue_go	go	57	0.393	1	0	0
testblock	horizontalcue_go	go	57	0.447	1	0	0
testblock	verticalcue_nogo	nogo	57	0.368	0	1	0
testblock	verticalcue_nogo	nogo	0	0.75	1	1	0
testblock	verticalcue_go	go	57	0.446	1	0	0
testblock	verticalcue_nogo	nogo	57	0.324	0	1	0
testblock	verticalcue_nogo	nogo	0	0.75	1	1	0
testblock	verticalcue_nogo	nogo	0	0.75	1	1	0
testblock	verticalcue_nogo	nogo	0	0.75	1	1	0
testblock	horizontalcue_go	go	57	0.415	1	0	0
testblock	verticalcue_go	go	57	0.387	1	0	0
testblock	horizontalcue_go	go	57	0.559	1	0	0
testblock	verticalcue_go	go	57	0.356	1	0	0
testblock	verticalcue_nogo	nogo	57	0.361	0	1	0
testblock	verticalcue_nogo	nogo	0	0.75	1	1	0
testblock	horizontalcue_go	go	57	0.533	1	0	0
testblock	verticalcue_go	go	57	0.42	1	0	0
testblock	verticalcue_go	go	57	0.218	1	0	0
testblock	verticalcue_nogo	nogo	0	0.75	1	1	0
testblock	horizontalcue_nogo	nogo	57	0.411	1	1	0
testblock	verticalcue_nogo	nogo	0	0.75	1	1	0
testblock	verticalcue_go	go	57	0.384	1	0	0
testblock	horizontalcue_go	go	57	0.414	1	0	0
testblock	horizontalcue_nogo	nogo	0	0.75	0	1	0
testblock	horizontalcue_nogo	nogo	57	0.416	1	1	0
testblock	horizontalcue_nogo	nogo	57	0.404	1	1	0
testblock	verticalcue_go	go	57	0.311	1	0	0
testblock	verticalcue_go	go	57	0.286	1	0	0
testblock	horizontalcue_go	go	57	0.332	1	0	0
testblock	verticalcue_nogo	nogo	0	0.75	1	1	0
testblock	verticalcue_nogo	nogo	0	0.75	1	1	0
testblock	verticalcue_go	go	57	0.539	1	0	0
testblock	horizontalcue_nogo	nogo	57	0.478	1	1	0
testblock	horizontalcue_nogo	nogo	0	0.75	0	1	0
testblock	verticalcue_go	go	57	0.368	1	0	0
testblock	verticalcue_nogo	nogo	0	0.75	1	1	0
testblock	horizontalcue_go	go	57	0.524	1	0	0
testblock	verticalcue_go	go	57	0.307	1	0	0
testblock	horizontalcue_nogo	nogo	57	0.332	1	1	0
testblock	horizontalcue_nogo	nogo	57	0.36	1	1	0
testblock	horizontalcue_go	go	57	0.223	1	0	0
testblock	horizontalcue_go	go	57	0.449	1	0	0
testblock	horizontalcue_go	go	57	0.478	1	0	0
