trial	load	change_present	response	rt	probe_onset	response_onset
1	6	0	m	0.807529472047463	605330.878757434	605331.686286906
2	4	1	m	0.733689070446417	605333.290772196	605334.024461266
3	6	1	z	1.53128856304102	605335.590019232	605337.121307795
4	4	0	m	0.788471542182378	605338.440853342	605339.229324884
5	6	1	m	1.29284065112006	605340.630005809	605341.92284646
6	4	1	m	20.4930209126323	605343.255069807	605363.74809072
7	6	0	m	2.28641334315762	605365.092168095	605367.378581439
8	4	0	z	1.01795642217621	605368.724212001	605369.742168424
9	4	0	m	0.833928735577501	605371.075940446	605371.909869181
10	6	0	z	0.92407104128506	605373.280371255	605374.204442297
11	6	1	m	1.1161276322091	605375.569308836	605376.685436468
12	4	1	m	1.09754681715276	605378.020360868	605379.117907685
13	6	0	m	1.70490505290218	605380.463331074	605382.168236127
14	4	0	m	1.58125639986247	605383.555791264	605385.137047664
15	6	1	m	0.970740508637391	605386.463532505	605387.434273013
16	4	1	z	1.23210429411847	605388.816834238	605390.048938532
17	4	1	m	2.06332541292068	605391.429738575	605393.493063988
18	4	0	m	0.659817080013454	605394.820001739	605395.479818819
19	6	0	z	1.79851187742315	605396.877364242	605398.675876119
20	6	1	m	1.17911787482444	605399.960437617	605401.139555491
21	6	0	m	0.9259401174495	605402.467397422	605403.39333754
22	4	0	m	0.906572042265907	605404.75105433	605405.657626372
23	4	1	m	1.23302201204933	605406.989088715	605408.222110727
24	6	1	z	2.0090385171352	605409.568872335	605411.577910852
25	4	1	z	0.942685496294871	605412.938143674	605413.880829171
26	4	0	m	1.43016112782061	605415.250861104	605416.681022232
27	6	0	z	0.905308077577502	605418.017278697	605418.922586775
28	6	1	z	1.16438351676334	605420.24361946	605421.408002977
29	6	1	m	1.05075058422517	605422.752756846	605423.80350743
30	4	1	m	1.41208942688536	605425.150688719	605426.562778146
31	4	0	z	1.45356888498645	605427.876183146	605429.329752031
32	6	0	z	1.09761163580697	605430.644430432	605431.742042068
33	6	0	z	1.18165729113389	605433.084471079	605434.266128371
34	6	1	m	1.10935284674633	605435.610525327	605436.719878174
35	4	1	z	0.993640382541344	605438.061631922	605439.055272304
36	4	0	z	1.54131618072279	605440.444385551	605441.985701732
37	6	1	z	1.28254760487471	605443.289895913	605444.572443518
38	6	0	m	1.40854121814482	605445.943664341	605447.352205559
39	4	1	m	0.873784854426049	605448.72087753	605449.594662385
40	4	0	z	0.979945995379239	605450.872274332	605451.852220328
41	6	0	m	1.32097443030216	605453.207023558	605454.527997988
42	6	1	z	1.10905788070522	605455.860421945	605456.969479826
43	4	1	z	0.951563607668504	605458.329136664	605459.280700272
44	4	0	z	1.00951481144875	605460.623445582	605461.632960393
45	6	0	m	1.17233242315706	605462.970403697	605464.142736121
46	6	1	m	1.58061149471905	605465.478586444	605467.059197938
47	4	0	m	1.05131713254377	605468.391095961	605469.442413094
48	4	1	m	1.24000848387368	605470.77862033	605472.018628814
49	4	0	m	0.901295471470803	605473.34259475	605474.243890222
50	4	1	z	1.15407611185219	605475.577678243	605476.731754355
51	6	0	z	2.00912015582435	605478.076286692	605480.085406848
52	6	1	m	1.30253638059366	605481.407080746	605482.709617127
53	4	1	m	0.942696572979912	605484.090315839	605485.033012412
54	6	1	m	3.46662821306381	605486.364912076	605489.831540289
55	4	0	m	1.4554900622461	605491.147127383	605492.602617445
56	6	0	m	2.11122356378473	605493.958174295	605496.069397859
57	4	1	m	1.28933592827525	605497.400031917	605498.689367845
58	6	1	z	1.14275827375241	605500.024674594	605501.167432867
59	6	0	z	1.56007052934729	605502.524942073	605504.085012603
60	4	0	m	1.30696128273848	605505.4202172	605506.727178483
61	6	1	m	0.973750886158086	605508.067299456	605509.041050342
62	4	0	m	1.26832400157582	605510.406997056	605511.675321058
63	6	0	m	1.27960491774138	605513.032696934	605514.312301852
64	4	1	m	1.49089461297262	605515.648108278	605517.139002891
65	6	0	m	0.878617540118285	605518.483556561	605519.362174101
66	4	1	z	0.720521027455106	605520.740643953	605521.461164981
67	6	1	m	1.55418638582341	605522.833040965	605524.387227351
68	4	0	m	1.53265590942465	605525.723930984	605527.256586893
69	6	0	m	1.64802746009082	605528.593740564	605530.241768025
70	6	1	m	1.04505925578997	605531.553259232	605532.598318488
71	4	1	z	0.856850762735121	605533.936144961	605534.792995724
72	4	0	m	1.1182481884025	605536.151800483	605537.270048672
73	4	0	m	0.954069383908063	605538.62707584	605539.581145223
74	4	1	z	0.686489976826124	605540.91497468	605541.601464657
75	6	1	z	1.5246635171352	605542.964298022	605544.488961539
76	6	0	z	1.09494176169392	605545.867219294	605546.962161056
77	4	1	z	0.710195571999066	605548.326281359	605549.036476931
78	4	0	m	0.801444718730636	605550.432772747	605551.234217466
79	6	0	m	1.20025492622517	605552.595054989	605553.795309915
80	6	1	z	0.706057020812295	605555.149610595	605555.855667616
