onset	duration	sample	trial_type	value	is_tms_pulse	event_id
9.7939	0	9795	control	Control	1	event-000001
12.9811	0	12982	control	Control	1	event-000002
16.1257	0	16127	control	Control	1	event-000003
19.582	0	19583	control	Control	1	event-000004
22.2977	0	22299	control	Control	1	event-000005
25.5142	0	25515	control	Control	1	event-000006
28.2594	0	28260	control	Control	1	event-000007
30.8878	0	30889	control	Control	1	event-000008
34.0023	0	34003	control	Control	1	event-000009
36.9767	0	36978	control	Control	1	event-000010
39.9496	0	39951	control	Control	1	event-000011
43.1196	0	43121	control	Control	1	event-000012
46.4081	0	46409	control	Control	1	event-000013
49.2677	0	49269	control	Control	1	event-000014
52.4404	0	52441	control	Control	1	event-000015
55.3644	0	55365	control	Control	1	event-000016
58.7149	0	58716	control	Control	1	event-000017
62.0546	0	62056	control	Control	1	event-000018
64.8198	0	64821	control	Control	1	event-000019
67.9393	0	67940	control	Control	1	event-000020
71.0313	0	71032	control	Control	1	event-000021
74.0799	0	74081	control	Control	1	event-000022
77.4605	0	77462	control	Control	1	event-000023
80.2328	0	80234	control	Control	1	event-000024
83.0614	0	83062	control	Control	1	event-000025
85.6883	0	85689	control	Control	1	event-000026
89.1406	0	89142	control	Control	1	event-000027
92.295	0	92296	control	Control	1	event-000028
95.2799	0	95281	control	Control	1	event-000029
98.4282	0	98429	control	Control	1	event-000030
101.4809	0	101482	control	Control	1	event-000031
104.6381	0	104639	control	Control	1	event-000032
107.6901	0	107691	control	Control	1	event-000033
110.9189	0	110920	control	Control	1	event-000034
113.9482	0	113949	control	Control	1	event-000035
117.4537	0	117455	control	Control	1	event-000036
120.1814	0	120182	control	Control	1	event-000037
122.7956	0	122797	control	Control	1	event-000038
125.4154	0	125416	control	Control	1	event-000039
127.9899	0	127991	control	Control	1	event-000040
130.9015	0	130903	control	Control	1	event-000041
133.8582	0	133859	control	Control	1	event-000042
136.7369	0	136738	control	Control	1	event-000043
140.0142	0	140015	control	Control	1	event-000044
143.1512	0	143152	control	Control	1	event-000045
146.432	0	146433	control	Control	1	event-000046
149.8753	0	149876	control	Control	1	event-000047
153.3553	0	153356	control	Control	1	event-000048
156.0558	0	156057	control	Control	1	event-000049
158.7038	0	158705	control	Control	1	event-000050
161.9099	0	161911	control	Control	1	event-000051
164.5133	0	164514	control	Control	1	event-000052
167.5456	0	167547	control	Control	1	event-000053
170.5826	0	170584	control	Control	1	event-000054
173.9524	0	173953	control	Control	1	event-000055
176.9461	0	176947	control	Control	1	event-000056
179.8471	0	179848	control	Control	1	event-000057
183.036	0	183037	control	Control	1	event-000058
186.2864	0	186287	control	Control	1	event-000059
189.3218	0	189323	control	Control	1	event-000060
192.1791	0	192180	control	Control	1	event-000061
194.8484	0	194849	control	Control	1	event-000062
197.9461	0	197947	control	Control	1	event-000063
200.7169	0	200718	control	Control	1	event-000064
203.2712	0	203272	control	Control	1	event-000065
206.5333	0	206534	control	Control	1	event-000066
209.2837	0	209285	control	Control	1	event-000067
212.234	0	212235	control	Control	1	event-000068
215.4305	0	215432	control	Control	1	event-000069
218.2974	0	218298	control	Control	1	event-000070
221.5456	0	221547	control	Control	1	event-000071
224.4537	0	224455	control	Control	1	event-000072
227.6452	0	227646	control	Control	1	event-000073
230.8565	0	230858	control	Control	1	event-000074
233.8099	0	233811	control	Control	1	event-000075
236.345	0	236346	control	Control	1	event-000076
239.1846	0	239186	control	Control	1	event-000077
242.1185	0	242120	control	Control	1	event-000078
244.9012	0	244902	control	Control	1	event-000079
247.6086	0	247610	control	Control	1	event-000080
250.938	0	250939	control	Control	1	event-000081
253.8866	0	253888	control	Control	1	event-000082
257.2834	0	257284	control	Control	1	event-000083
260.1828	0	260184	control	Control	1	event-000084
263.459	0	263460	control	Control	1	event-000085
266.3669	0	266368	control	Control	1	event-000086
269.6827	0	269684	control	Control	1	event-000087
272.9448	0	272946	control	Control	1	event-000088
275.831	0	275832	control	Control	1	event-000089
278.5555	0	278557	control	Control	1	event-000090
281.869	0	281870	control	Control	1	event-000091
285.3294	0	285330	control	Control	1	event-000092
288.1653	0	288166	control	Control	1	event-000093
291.3468	0	291348	control	Control	1	event-000094
294.2956	0	294297	control	Control	1	event-000095
297.6385	0	297640	control	Control	1	event-000096
300.9155	0	300917	control	Control	1	event-000097
303.5909	0	303592	control	Control	1	event-000098
306.9622	0	306963	control	Control	1	event-000099
310.4741	0	310475	control	Control	1	event-000100
313.4981	0	313499	control	Control	1	event-000101
316.8942	0	316895	control	Control	1	event-000102
319.9916	0	319993	control	Control	1	event-000103
322.6582	0	322659	control	Control	1	event-000104
325.3695	0	325371	control	Control	1	event-000105
328.2839	0	328285	control	Control	1	event-000106
331.5416	0	331543	control	Control	1	event-000107
334.8774	0	334878	control	Control	1	event-000108
338.1864	0	338187	control	Control	1	event-000109
341.0163	0	341017	control	Control	1	event-000110
344.0568	0	344058	control	Control	1	event-000111
346.6731	0	346674	control	Control	1	event-000112
349.2898	0	349291	control	Control	1	event-000113
351.9357	0	351937	control	Control	1	event-000114
355.1209	0	355122	control	Control	1	event-000115
358.126	0	358127	control	Control	1	event-000116
360.825	0	360826	control	Control	1	event-000117
363.828	0	363829	control	Control	1	event-000118
366.4835	0	366485	control	Control	1	event-000119
369.0468	0	369048	control	Control	1	event-000120
