participant_id	run	trial_index	congruence	stim_side	stim_color	response_key	accuracy	rt
122	1	1	congruent	right	red	54	1	350
122	1	2	congruent	right	red	54	1	283
122	1	3	incongruent	right	blue	42	1	425
122	1	4	incongruent	right	blue	42	1	391
122	1	5	incongruent	left	red	54	1	422
122	1	6	congruent	left	blue	0	0	750
122	1	7	incongruent	right	blue	42	1	712
122	1	8	incongruent	right	blue	42	1	427
122	1	9	congruent	right	red	54	1	414
122	1	10	congruent	left	blue	42	1	479
122	1	11	congruent	right	red	54	1	387
122	1	12	congruent	left	blue	42	1	478
122	1	13	incongruent	left	red	54	1	567
122	1	14	congruent	left	blue	42	1	516
122	1	15	congruent	right	red	54	1	424
122	1	16	congruent	left	blue	42	1	634
122	1	17	incongruent	left	red	54	1	426
122	1	18	incongruent	right	blue	42	1	443
122	1	19	congruent	right	red	54	1	343
122	1	20	incongruent	right	blue	42	1	444
122	1	21	congruent	right	red	54	1	290
122	1	22	incongruent	right	blue	42	1	320
122	1	23	congruent	left	blue	42	1	418
122	1	24	congruent	right	red	54	1	386
122	1	25	congruent	left	blue	42	1	447
122	1	26	incongruent	right	blue	42	1	438
122	1	27	incongruent	left	red	54	1	419
122	1	28	incongruent	left	red	54	1	646
122	1	29	congruent	left	blue	42	1	387
122	1	30	incongruent	left	red	54	1	408
122	1	31	congruent	left	blue	42	1	432
122	1	32	congruent	left	blue	42	1	404
122	1	33	incongruent	left	red	54	1	365
122	1	34	incongruent	right	blue	0	0	750
122	1	35	congruent	left	blue	42	1	618
122	1	36	congruent	left	blue	42	1	316
122	1	37	congruent	right	red	54	1	464
122	1	38	congruent	left	blue	42	1	648
122	1	39	incongruent	right	blue	42	1	545
122	1	40	incongruent	left	red	54	1	477
122	1	41	incongruent	left	red	54	1	412
122	1	42	incongruent	right	blue	42	1	416
122	1	43	congruent	right	red	54	1	394
122	1	44	incongruent	left	red	42	0	543
122	1	45	incongruent	left	red	54	1	717
122	1	46	congruent	left	blue	42	1	416
122	1	47	incongruent	left	red	54	1	514
122	1	48	incongruent	left	red	54	1	368
122	1	49	incongruent	right	blue	42	1	406
122	1	50	incongruent	right	blue	42	1	440
122	1	51	congruent	left	blue	42	1	502
122	1	52	congruent	right	red	54	1	447
122	1	53	incongruent	right	blue	0	0	750
122	1	54	incongruent	right	blue	42	1	354
122	1	55	congruent	left	blue	0	0	750
122	1	56	congruent	right	red	54	1	354
122	1	57	incongruent	left	red	42	0	308
122	1	58	congruent	left	blue	42	1	322
122	1	59	congruent	right	red	54	1	410
122	1	60	congruent	right	red	54	1	400
122	1	61	congruent	left	blue	42	1	425
122	1	62	congruent	right	red	54	1	412
122	1	63	incongruent	left	red	54	1	498
122	1	64	congruent	right	red	54	1	351
122	1	65	incongruent	left	red	54	1	466
122	1	66	congruent	left	blue	42	1	354
122	1	67	incongruent	left	red	42	0	316
122	1	68	incongruent	left	red	54	1	384
122	1	69	congruent	left	blue	42	1	432
122	1	70	incongruent	left	red	54	1	605
122	1	71	incongruent	left	red	54	1	368
122	1	72	incongruent	left	red	54	1	403
122	1	73	incongruent	left	red	54	1	317
122	1	74	congruent	right	red	54	1	434
122	1	75	incongruent	right	blue	42	1	385
122	1	76	incongruent	right	blue	54	0	355
122	1	77	congruent	right	red	54	1	440
122	1	78	incongruent	right	blue	54	0	371
122	1	79	congruent	left	blue	54	0	415
122	1	80	congruent	right	red	42	0	487
122	1	81	congruent	right	red	54	1	323
122	1	82	congruent	left	blue	42	1	512
122	1	83	incongruent	right	blue	42	1	466
122	1	84	incongruent	left	red	54	1	526
122	1	85	incongruent	right	blue	42	1	527
122	1	86	congruent	right	red	42	0	350
122	1	87	incongruent	left	red	54	1	395
122	1	88	incongruent	right	blue	42	1	467
122	1	89	congruent	left	blue	54	0	484
122	1	90	congruent	left	blue	42	1	325
122	1	91	congruent	right	red	54	1	431
122	1	92	incongruent	right	blue	0	0	750
122	1	93	congruent	right	red	54	1	393
122	1	94	incongruent	right	blue	42	1	465
122	1	95	incongruent	right	blue	42	1	392
122	1	96	congruent	right	red	54	1	504
122	1	97	incongruent	right	blue	42	1	419
122	1	98	congruent	right	red	54	1	624
122	1	99	incongruent	left	red	54	1	389
122	1	100	congruent	left	blue	42	1	470
