participant_id	block	trial_index	trial_type	stop_signal	response	rt	ssd	correct	stop_success
sub-102	2	3	go	0	32	0.344	0	2	0
sub-102	2	4	stop	1	32	0.383	0.25	0	0
sub-102	2	5	go	0	32	0.346	0	2	0
sub-102	2	6	go	0	37	0.303	0	2	0
sub-102	2	7	go	0	37	0.309	0	2	0
sub-102	2	8	stop	1	32	0.299	0.2	0	0
sub-102	2	9	go	0	32	0.315	0	2	0
sub-102	2	10	go	0	32	0.359	0	2	0
sub-102	2	11	go	0	37	0.343	0	2	0
sub-102	2	12	go	0	37	0.331	0	2	0
sub-102	2	13	go	0	32	0.3	0	2	0
sub-102	2	14	go	0	37	0.285	0	2	0
sub-102	2	15	stop	1	0	0	0.15	2	1
sub-102	2	16	go	0	32	0.284	0	2	0
sub-102	2	17	stop	1	37	0.302	0.2	0	0
sub-102	2	18	go	0	37	0.322	0	2	0
sub-102	2	19	stop	1	0	0	0.15	2	1
sub-102	2	20	go	0	37	0.313	0	2	0
sub-102	2	21	go	0	32	0.277	0	2	0
sub-102	2	22	go	0	37	0.326	0	2	0
sub-102	2	23	stop	1	32	0.299	0.2	0	0
sub-102	2	24	go	0	32	0.351	0	2	0
sub-102	2	25	stop	1	0	0	0.15	2	1
sub-102	2	26	go	0	37	0.406	0	2	0
sub-102	2	27	go	0	37	0.318	0	2	0
sub-102	2	28	stop	1	0	0	0.2	2	1
sub-102	2	29	go	0	32	0.358	0	2	0
sub-102	2	30	go	0	37	0.38	0	2	0
sub-102	2	31	go	0	37	0.334	0	2	0
sub-102	2	32	go	0	32	0.328	0	2	0
sub-102	2	33	go	0	32	0.298	0	2	0
sub-102	2	34	go	0	32	0.413	0	2	0
sub-102	2	35	stop	1	32	0.349	0.25	0	0
sub-102	2	36	go	0	32	0.381	0	2	0
sub-102	2	37	stop	1	0	0	0.2	2	1
sub-102	2	38	go	0	37	0.409	0	2	0
sub-102	2	39	go	0	32	0.367	0	2	0
sub-102	2	40	go	0	37	0.354	0	2	0
sub-102	2	41	go	0	32	0.326	0	2	0
sub-102	2	42	go	0	32	0.362	0	2	0
sub-102	2	43	go	0	37	0.39	0	2	0
sub-102	2	44	go	0	37	0.434	0	2	0
sub-102	2	45	go	0	32	0.357	0	2	0
sub-102	2	46	go	0	32	0.344	0	2	0
sub-102	2	47	stop	1	32	0.349	0.25	0	0
sub-102	2	48	go	0	37	0.343	0	2	0
sub-102	2	49	go	0	37	0.289	0	2	0
sub-102	2	50	go	0	37	0.334	0	2	0
sub-102	2	51	stop	1	37	0.317	0.2	0	0
sub-102	2	52	stop	1	0	0	0.15	2	1
sub-102	2	53	go	0	32	0.382	0	2	0
sub-102	2	54	go	0	32	0.362	0	2	0
sub-102	2	55	go	0	37	0.457	0	2	0
sub-102	2	56	go	0	32	0.334	0	2	0
sub-102	2	57	go	0	37	0.365	0	2	0
sub-102	2	58	go	0	37	0.347	0	2	0
sub-102	2	59	go	0	37	0.344	0	2	0
sub-102	2	60	stop	1	37	0.334	0.2	0	0
sub-102	2	61	go	0	32	0.299	0	2	0
sub-102	2	62	stop	1	0	0	0.15	2	1
sub-102	2	63	stop	1	32	0.309	0.2	0	0
sub-102	2	64	go	0	32	0.368	0	2	0
sub-102	2	65	go	0	32	0.378	0	2	0
sub-102	2	66	go	0	37	0.344	0	2	0
sub-102	3	3	stop	1	32	0.362	0.15	0	0
sub-102	3	4	go	0	37	0.278	0	2	0
sub-102	3	5	stop	1	0	0	0.1	2	1
sub-102	3	6	go	0	32	0.358	0	2	0
sub-102	3	7	go	0	32	0.306	0	2	0
sub-102	3	8	go	0	32	0.258	0	2	0
sub-102	3	9	go	0	37	0.339	0	2	0
sub-102	3	10	stop	1	0	0	0.15	2	1
sub-102	3	11	go	0	37	0.4	0	2	0
sub-102	3	12	go	0	37	0.345	0	2	0
sub-102	3	13	go	0	32	0.31	0	2	0
sub-102	3	14	go	0	32	0.335	0	2	0
sub-102	3	15	stop	1	32	0.309	0.2	0	0
sub-102	3	16	stop	1	37	0.311	0.15	0	0
sub-102	3	17	go	0	32	0.289	0	2	0
sub-102	3	18	go	0	32	0.313	0	2	0
sub-102	3	19	stop	1	0	0	0.1	2	1
sub-102	3	20	stop	1	32	0.258	0.15	0	0
sub-102	3	21	go	0	37	0.396	0	2	0
sub-102	3	22	go	0	37	0.377	0	2	0
sub-102	3	23	stop	1	0	0	0.1	2	1
sub-102	3	24	go	0	37	0.333	0	2	0
sub-102	3	25	go	0	32	0.372	0	2	0
sub-102	3	26	stop	1	0	0	0.15	2	1
sub-102	3	27	stop	1	32	0.331	0.2	0	0
sub-102	3	28	go	0	37	0.311	0	2	0
sub-102	3	29	go	0	32	0.305	0	2	0
sub-102	3	30	go	0	32	0.314	0	2	0
sub-102	3	31	go	0	32	0.318	0	2	0
sub-102	3	32	go	0	37	0.41	0	2	0
sub-102	3	33	go	0	37	0.403	0	2	0
sub-102	3	34	stop	1	0	0	0.15	2	1
sub-102	3	35	go	0	37	0.293	0	2	0
sub-102	3	36	go	0	37	0.361	0	2	0
sub-102	3	37	go	0	32	0.395	0	2	0
sub-102	3	38	go	0	32	0.379	0	2	0
sub-102	3	39	go	0	37	0.397	0	2	0
sub-102	3	40	stop	1	37	0.306	0.2	0	0
sub-102	3	41	stop	1	0	0	0.15	2	1
sub-102	3	42	stop	1	32	0.363	0.2	0	0
sub-102	3	43	go	0	32	0.37	0	2	0
sub-102	3	44	go	0	32	0.311	0	2	0
sub-102	3	45	go	0	37	0.492	0	2	0
sub-102	3	46	go	0	37	0.305	0	2	0
sub-102	3	47	go	0	32	0.357	0	2	0
sub-102	3	48	go	0	37	0.36	0	2	0
sub-102	3	49	stop	1	0	0	0.15	2	1
sub-102	3	50	go	0	37	0.466	0	2	0
sub-102	3	51	go	0	37	0.336	0	2	0
sub-102	3	52	go	0	32	0.326	0	2	0
sub-102	3	53	go	0	37	0.363	0	2	0
sub-102	3	54	go	0	32	0.329	0	2	0
sub-102	3	55	go	0	32	0.337	0	2	0
sub-102	3	56	go	0	32	0.341	0	2	0
sub-102	3	57	stop	1	37	0.358	0.2	0	0
sub-102	3	58	go	0	37	0.357	0	2	0
sub-102	3	59	go	0	37	0.328	0	2	0
sub-102	3	60	go	0	32	0.371	0	2	0
sub-102	3	61	go	0	37	0.355	0	2	0
sub-102	3	62	go	0	32	0.716	0	2	0
sub-102	3	63	go	0	37	0.309	0	2	0
sub-102	3	64	go	0	37	0.379	0	2	0
sub-102	3	65	go	0	32	0.295	0	2	0
sub-102	3	66	go	0	32	0.324	0	2	0
sub-102	4	3	go	0	32	0.353	0	2	0
sub-102	4	4	go	0	37	0.382	0	2	0
sub-102	4	5	go	0	37	0.368	0	2	0
sub-102	4	6	go	0	32	0.264	0	2	0
sub-102	4	7	stop	1	0	0	0.15	2	1
sub-102	4	8	go	0	32	0.323	0	2	0
sub-102	4	9	go	0	37	0.353	0	2	0
sub-102	4	10	go	0	37	0.279	0	2	0
sub-102	4	11	stop	1	37	0.299	0.2	0	0
sub-102	4	12	stop	1	32	0.333	0.15	0	0
sub-102	4	13	go	0	32	0.354	0	2	0
sub-102	4	14	go	0	37	0.312	0	2	0
sub-102	4	15	stop	1	0	0	0.1	2	1
sub-102	4	16	go	0	37	0.299	0	2	0
sub-102	4	17	stop	1	37	0.284	0.15	0	0
sub-102	4	18	go	0	32	0.35	0	2	0
sub-102	4	19	go	0	37	0.339	0	2	0
sub-102	4	20	go	0	37	0.283	0	2	0
sub-102	4	21	go	0	32	0.342	0	2	0
sub-102	4	22	go	0	32	0.346	0	2	0
sub-102	4	23	stop	1	0	0	0.1	2	1
sub-102	4	24	stop	1	0	0	0.15	2	1
sub-102	4	25	go	0	32	0.296	0	2	0
sub-102	4	26	go	0	32	0.315	0	2	0
sub-102	4	27	go	0	32	0.284	0	2	0
sub-102	4	28	go	0	32	0.291	0	2	0
sub-102	4	29	go	0	37	0.326	0	2	0
sub-102	4	30	stop	1	32	0.317	0.2	0	0
sub-102	4	31	go	0	37	0.335	0	2	0
sub-102	4	32	go	0	37	0.32	0	2	0
sub-102	4	33	go	0	32	0.281	0	2	0
sub-102	4	34	stop	1	0	0	0.15	2	1
sub-102	4	35	stop	1	32	0.317	0.2	0	0
sub-102	4	36	stop	1	0	0	0.15	2	1
sub-102	4	37	go	0	37	0.318	0	2	0
sub-102	4	38	go	0	32	0.295	0	2	0
sub-102	4	39	go	0	32	0.34	0	2	0
sub-102	4	40	go	0	37	0.352	0	2	0
sub-102	4	41	go	0	37	0.453	0	2	0
sub-102	4	42	go	0	37	0.328	0	2	0
sub-102	4	43	go	0	32	0.418	0	2	0
sub-102	4	44	go	0	32	0.334	0	2	0
sub-102	4	45	go	0	37	0.345	0	2	0
sub-102	4	46	go	0	32	0.287	0	2	0
sub-102	4	47	go	0	37	0.365	0	2	0
sub-102	4	48	go	0	32	0.277	0	0	0
sub-102	4	49	go	0	32	0.294	0	2	0
sub-102	4	50	stop	1	37	0.334	0.2	0	0
sub-102	4	51	go	0	32	0.314	0	2	0
sub-102	4	52	go	0	37	0.403	0	2	0
sub-102	4	53	go	0	32	0.297	0	2	0
sub-102	4	54	go	0	37	0.382	0	2	0
sub-102	4	55	go	0	32	0.33	0	2	0
sub-102	4	56	go	0	37	0.367	0	2	0
sub-102	4	57	go	0	32	0.318	0	2	0
sub-102	4	58	go	0	37	0.343	0	2	0
sub-102	4	59	stop	1	0	0	0.15	2	1
sub-102	4	60	stop	1	37	0.3	0.2	0	0
sub-102	4	61	go	0	32	0.293	0	2	0
sub-102	4	62	stop	1	0	0	0.15	2	1
sub-102	4	63	go	0	37	0.358	0	2	0
sub-102	4	64	go	0	32	0.365	0	2	0
sub-102	4	65	stop	1	32	0.366	0.2	0	0
sub-102	4	66	go	0	37	0.375	0	2	0
sub-102	n/a	n/a	go	0	n/a	n/a	n/a	n/a	0
