subject	phase	load	letter_shown	recalled_letters	math_problem	math_true_answer	math_decision	math_accuracy	accuracy	rt
129	show_letter	2	F	n/a	0	0	n/a	0	0	800
129	show_letter	2	P	n/a	0	0	n/a	0	0	800
129	recall_letter	2	P	F	0	0	n/a	0	0	1978
129	recall_letter	2	P	FP	0	0	n/a	0	0	1343
129	recall_letter	2	P	FP	0	0	n/a	0	0	835
129	letter_feedback	2	P	FP	0	0	n/a	0	0	1500
129	show_letter	2	Q	n/a	0	0	n/a	0	0	800
129	show_letter	2	J	n/a	0	0	n/a	0	0	800
129	recall_letter	2	J	Q	0	0	n/a	0	0	1229
129	recall_letter	2	J	QJ	0	0	n/a	0	0	1302
129	recall_letter	2	J	QJ	0	0	n/a	0	0	717
129	letter_feedback	2	J	QJ	0	0	n/a	0	0	1500
129	show_letter	3	H	n/a	0	0	n/a	0	0	800
129	show_letter	3	K	n/a	0	0	n/a	0	0	800
129	show_letter	3	T	n/a	0	0	n/a	0	0	800
129	recall_letter	3	T	H	0	0	n/a	0	0	1595
129	recall_letter	3	T	HK	0	0	n/a	0	0	551
129	recall_letter	3	T	HKT	0	0	n/a	0	0	419
129	recall_letter	3	T	HKT	0	0	n/a	0	0	628
129	letter_feedback	3	T	HKT	0	0	n/a	0	0	1500
129	show_letter	3	S	n/a	0	0	n/a	0	0	800
129	show_letter	3	N	n/a	0	0	n/a	0	0	800
129	show_letter	3	R	n/a	0	0	n/a	0	0	800
129	recall_letter	3	R	S	0	0	n/a	0	0	1222
129	recall_letter	3	R	SN	0	0	n/a	0	0	943
129	recall_letter	3	R	SNR	0	0	n/a	0	0	596
129	recall_letter	3	R	SNR	0	0	n/a	0	0	630
129	letter_feedback	3	R	SNR	0	0	n/a	0	0	1500
129	prac_show_math	3	R	SNR	0	0	n/a	0	0	3630
129	prac_solve_math	3	R	SNR	0	0	true	0	1	1349
129	prac_show_math	3	R	SNR	0	0	n/a	0	0	3127
129	prac_solve_math	3	R	SNR	0	0	false	0	1	946
129	prac_show_math	3	R	SNR	0	0	n/a	0	0	2931
129	prac_solve_math	3	R	SNR	0	0	false	0	1	1518
129	prac_show_math	3	R	SNR	0	0	n/a	0	0	5185
129	prac_solve_math	3	R	SNR	0	0	true	0	1	805
129	prac_show_math	3	R	SNR	0	0	n/a	0	0	3996
129	prac_solve_math	3	R	SNR	0	0	true	0	1	1101
129	prac_show_math	3	R	SNR	0	0	n/a	0	0	3129
129	prac_solve_math	3	R	SNR	0	0	false	0	1	908
129	prac_show_math	3	R	SNR	0	0	n/a	0	0	3927
129	prac_solve_math	3	R	SNR	0	0	true	0	1	1163
129	prac_show_math	3	R	SNR	0	0	n/a	0	0	2828
129	prac_solve_math	3	R	SNR	0	0	true	0	1	827
129	prac_show_math	3	R	SNR	0	0	n/a	0	0	1913
129	prac_solve_math	3	R	SNR	0	0	false	0	1	868
129	prac_show_math	3	R	SNR	0	0	n/a	0	0	2953
129	prac_solve_math	3	R	SNR	0	0	true	0	1	947
129	prac_show_math	3	R	SNR	0	0	n/a	0	0	2005
129	prac_solve_math	3	R	SNR	0	0	false	0	1	1348
129	prac_show_math	3	R	SNR	0	0	n/a	0	0	3269
129	prac_solve_math	3	R	SNR	0	0	true	0	1	692
129	prac_show_math	3	R	SNR	0	0	n/a	0	0	2583
129	prac_solve_math	3	R	SNR	0	0	false	0	1	968
129	prac_show_math	3	R	SNR	0	0	n/a	0	0	2368
129	prac_solve_math	3	R	SNR	0	0	true	0	1	1233
129	prac_show_math	3	R	SNR	0	0	n/a	0	0	2848
129	prac_solve_math	3	R	SNR	0	0	false	0	1	1102
129	show_math	2	R	n/a	(8/1) + 2	10	n/a	0	0	4698
129	show_letter	2	K	n/a	(8/1) + 2	10	n/a	0	0	800
129	show_math	2	K	n/a	(2*6) + 6	18	n/a	0	0	4698
129	show_letter	2	N	n/a	(2*6) + 6	18	n/a	0	0	800
129	recall_letter	2	N	K	(2*6) + 6	18	n/a	0	0	2257
129	recall_letter	2	N	KN	(2*6) + 6	18	n/a	0	0	771
129	recall_letter	2	N	KN	(2*6) + 6	18	n/a	0	0	1622
129	letter_feedback	2	N	KN	(2*6) + 6	18	n/a	0	0	1500
129	show_math	2	N	n/a	(8*2) + 8	24	n/a	0	0	3903
129	solve_math	2	N	n/a	(8*2) + 8	24	false	33	1	1844
129	show_letter	2	T	n/a	(8*2) + 8	24	n/a	33	0	800
129	show_math	2	T	n/a	(6/3) - 0	2	n/a	33	0	2898
129	solve_math	2	T	n/a	(6/3) - 0	2	false	50	1	2974
129	show_letter	2	Q	n/a	(6/3) - 0	2	n/a	50	0	800
129	recall_letter	2	Q	T	(6/3) - 0	2	n/a	50	0	1296
129	recall_letter	2	Q	TQ	(6/3) - 0	2	n/a	50	0	471
129	recall_letter	2	Q	TQ	(6/3) - 0	2	n/a	50	0	846
129	letter_feedback	2	Q	TQ	(6/3) - 0	2	n/a	50	0	1500
129	show_math	2	Q	n/a	(4/2) - 1	1	n/a	50	0	2519
129	solve_math	2	Q	n/a	(4/2) - 1	1	true	60	1	1338
129	show_letter	2	T	n/a	(4/2) - 1	1	n/a	60	0	800
129	show_math	2	T	n/a	(8/4) - 2	0	n/a	60	0	2644
129	solve_math	2	T	n/a	(8/4) - 2	0	true	67	1	986
129	show_letter	2	H	n/a	(8/4) - 2	0	n/a	67	0	800
129	recall_letter	2	H	T	(8/4) - 2	0	n/a	67	0	1490
129	recall_letter	2	H	TH	(8/4) - 2	0	n/a	67	0	1305
129	recall_letter	2	H	TH	(8/4) - 2	0	n/a	67	0	895
129	letter_feedback	2	H	TH	(8/4) - 2	0	n/a	67	0	1500
129	show_math	7	H	n/a	(5/5) + 1	2	n/a	0	0	1917
129	solve_math	7	H	n/a	(5/5) + 1	2	true	100	1	1000
129	show_letter	7	F	n/a	(5/5) + 1	2	n/a	100	0	800
129	show_math	7	F	n/a	(1*8) + 8	16	n/a	100	0	1608
129	solve_math	7	F	n/a	(1*8) + 8	16	false	100	1	895
129	show_letter	7	Y	n/a	(1*8) + 8	16	n/a	100	0	800
129	show_math	7	Y	n/a	(5/1) + 7	12	n/a	100	0	2194
129	solve_math	7	Y	n/a	(5/1) + 7	12	false	100	1	1002
129	show_letter	7	K	n/a	(5/1) + 7	12	n/a	100	0	800
129	show_math	7	K	n/a	(9/9) + 1	2	n/a	100	0	1937
129	solve_math	7	K	n/a	(9/9) + 1	2	true	100	1	834
129	show_letter	7	T	n/a	(9/9) + 1	2	n/a	100	0	800
129	show_math	7	T	n/a	(8/8) + 3	4	n/a	100	0	1729
129	solve_math	7	T	n/a	(8/8) + 3	4	true	100	1	859
129	show_letter	7	N	n/a	(8/8) + 3	4	n/a	100	0	800
129	show_math	7	N	n/a	(3/1) + 9	12	n/a	100	0	2608
129	solve_math	7	N	n/a	(3/1) + 9	12	false	100	1	1655
129	show_letter	7	R	n/a	(3/1) + 9	12	n/a	100	0	800
129	show_math	7	R	n/a	(1*6) - 1	5	n/a	100	0	2428
129	solve_math	7	R	n/a	(1*6) - 1	5	false	100	1	995
129	show_letter	7	P	n/a	(1*6) - 1	5	n/a	100	0	800
129	recall_letter	7	P	F	(1*6) - 1	5	n/a	100	0	1386
129	recall_letter	7	P	FY	(1*6) - 1	5	n/a	100	0	1238
129	recall_letter	7	P	FYK	(1*6) - 1	5	n/a	100	0	503
129	recall_letter	7	P	FYKT	(1*6) - 1	5	n/a	100	0	669
129	recall_letter	7	P	FYKTN	(1*6) - 1	5	n/a	100	0	660
129	recall_letter	7	P	FYKTNR	(1*6) - 1	5	n/a	100	0	347
129	recall_letter	7	P	FYKTNRP	(1*6) - 1	5	n/a	100	0	671
129	recall_letter	7	P	FYKTNRP	(1*6) - 1	5	n/a	100	0	1294
129	letter_feedback	7	P	FYKTNRP	(1*6) - 1	5	n/a	100	0	1500
129	show_math	6	P	n/a	(1*2) - 0	2	n/a	100	0	2469
129	solve_math	6	P	n/a	(1*2) - 0	2	false	100	1	850
129	show_letter	6	S	n/a	(1*2) - 0	2	n/a	100	0	800
129	show_math	6	S	n/a	(3/3) + 4	5	n/a	100	0	1975
129	solve_math	6	S	n/a	(3/3) + 4	5	false	100	1	1264
129	show_letter	6	K	n/a	(3/3) + 4	5	n/a	100	0	800
129	show_math	6	K	n/a	(6*2) - 6	6	n/a	100	0	2069
129	solve_math	6	K	n/a	(6*2) - 6	6	false	100	1	697
129	show_letter	6	P	n/a	(6*2) - 6	6	n/a	100	0	800
129	show_math	6	P	n/a	(3*2) - 5	1	n/a	100	0	1780
129	solve_math	6	P	n/a	(3*2) - 5	1	true	100	1	931
129	show_letter	6	T	n/a	(3*2) - 5	1	n/a	100	0	800
129	show_math	6	T	n/a	(4/4) - 1	0	n/a	100	0	2197
129	solve_math	6	T	n/a	(4/4) - 1	0	true	100	1	853
129	show_letter	6	L	n/a	(4/4) - 1	0	n/a	100	0	800
129	show_math	6	L	n/a	(2*4) + 9	17	n/a	100	0	2698
129	solve_math	6	L	n/a	(2*4) + 9	17	true	100	1	2270
129	show_letter	6	J	n/a	(2*4) + 9	17	n/a	100	0	800
129	recall_letter	6	J	S	(2*4) + 9	17	n/a	100	0	1692
129	recall_letter	6	J	SK	(2*4) + 9	17	n/a	100	0	507
129	recall_letter	6	J	SKP	(2*4) + 9	17	n/a	100	0	480
129	recall_letter	6	J	SKPT	(2*4) + 9	17	n/a	100	0	639
129	recall_letter	6	J	SKPTL	(2*4) + 9	17	n/a	100	0	599
129	recall_letter	6	J	SKPTLJ	(2*4) + 9	17	n/a	100	0	625
129	recall_letter	6	J	SKPTLJ	(2*4) + 9	17	n/a	100	0	874
129	letter_feedback	6	J	SKPTLJ	(2*4) + 9	17	n/a	100	0	1500
129	show_math	6	J	n/a	(2*3) + 3	9	n/a	100	0	1921
129	solve_math	6	J	n/a	(2*3) + 3	9	true	100	1	891
129	show_letter	6	N	n/a	(2*3) + 3	9	n/a	100	0	800
129	show_math	6	N	n/a	(2*2) - 4	0	n/a	100	0	1287
129	solve_math	6	N	n/a	(2*2) - 4	0	false	100	1	890
129	show_letter	6	K	n/a	(2*2) - 4	0	n/a	100	0	800
129	show_math	6	K	n/a	(2*5) + 4	14	n/a	100	0	1302
129	solve_math	6	K	n/a	(2*5) + 4	14	true	100	1	856
129	show_letter	6	Q	n/a	(2*5) + 4	14	n/a	100	0	800
129	show_math	6	Q	n/a	(5*3) + 6	21	n/a	100	0	2005
129	solve_math	6	Q	n/a	(5*3) + 6	21	true	100	1	805
129	show_letter	6	P	n/a	(5*3) + 6	21	n/a	100	0	800
129	show_math	6	P	n/a	(1*3) - 2	1	n/a	100	0	1892
129	solve_math	6	P	n/a	(1*3) - 2	1	false	100	1	703
129	show_letter	6	R	n/a	(1*3) - 2	1	n/a	100	0	800
129	show_math	6	R	n/a	(6/6) - 1	0	n/a	100	0	1194
129	solve_math	6	R	n/a	(6/6) - 1	0	false	100	1	1186
129	show_letter	6	F	n/a	(6/6) - 1	0	n/a	100	0	800
129	recall_letter	6	F	N	(6/6) - 1	0	n/a	100	0	1945
129	recall_letter	6	F	NK	(6/6) - 1	0	n/a	100	0	871
129	recall_letter	6	F	NKQ	(6/6) - 1	0	n/a	100	0	590
129	recall_letter	6	F	NKQP	(6/6) - 1	0	n/a	100	0	729
129	recall_letter	6	F	NKQPR	(6/6) - 1	0	n/a	100	0	757
129	recall_letter	6	F	NKQPRF	(6/6) - 1	0	n/a	100	0	1249
129	recall_letter	6	F	NKQPRF	(6/6) - 1	0	n/a	100	0	898
129	letter_feedback	6	F	NKQPRF	(6/6) - 1	0	n/a	100	0	1500
129	show_math	7	F	n/a	(8/2) - 3	1	n/a	100	0	2840
129	solve_math	7	F	n/a	(8/2) - 3	1	true	100	1	1799
129	show_letter	7	S	n/a	(8/2) - 3	1	n/a	100	0	800
129	show_math	7	S	n/a	(4/1) + 4	8	n/a	100	0	2128
129	solve_math	7	S	n/a	(4/1) + 4	8	true	100	1	987
129	show_letter	7	N	n/a	(4/1) + 4	8	n/a	100	0	800
129	show_math	7	N	n/a	(9/3) - 1	2	n/a	100	0	2826
129	solve_math	7	N	n/a	(9/3) - 1	2	false	100	1	698
129	show_letter	7	L	n/a	(9/3) - 1	2	n/a	100	0	800
129	show_math	7	L	n/a	(7*2) + 5	19	n/a	100	0	2285
129	solve_math	7	L	n/a	(7*2) + 5	19	false	100	1	737
129	show_letter	7	J	n/a	(7*2) + 5	19	n/a	100	0	800
129	show_math	7	J	n/a	(7/1) + 9	16	n/a	100	0	2666
129	solve_math	7	J	n/a	(7/1) + 9	16	true	100	1	1111
129	show_letter	7	Y	n/a	(7/1) + 9	16	n/a	100	0	800
129	show_math	7	Y	n/a	(3*3) + 8	17	n/a	100	0	2506
129	solve_math	7	Y	n/a	(3*3) + 8	17	true	100	1	877
129	show_letter	7	H	n/a	(3*3) + 8	17	n/a	100	0	800
129	show_math	7	H	n/a	(2/2) - 0	1	n/a	100	0	2217
129	solve_math	7	H	n/a	(2/2) - 0	1	false	100	1	640
129	show_letter	7	P	n/a	(2/2) - 0	1	n/a	100	0	800
129	recall_letter	7	P	S	(2/2) - 0	1	n/a	100	0	1558
129	recall_letter	7	P	SN	(2/2) - 0	1	n/a	100	0	602
129	recall_letter	7	P	SNL	(2/2) - 0	1	n/a	100	0	564
129	recall_letter	7	P	SNLJ	(2/2) - 0	1	n/a	100	0	472
129	recall_letter	7	P	SNLJY	(2/2) - 0	1	n/a	100	0	606
129	recall_letter	7	P	SNLJYP	(2/2) - 0	1	n/a	100	0	680
129	recall_letter	7	P	SNLJYP	(2/2) - 0	1	n/a	100	0	799
129	letter_feedback	7	P	SNLJYP	(2/2) - 0	1	n/a	100	0	1500
129	show_math	7	P	n/a	(4*2) + 7	15	n/a	100	0	3304
129	solve_math	7	P	n/a	(4*2) + 7	15	true	100	1	1086
129	show_letter	7	K	n/a	(4*2) + 7	15	n/a	100	0	800
129	show_math	7	K	n/a	(4*3) - 5	7	n/a	100	0	2665
129	solve_math	7	K	n/a	(4*3) - 5	7	true	100	1	894
129	show_letter	7	F	n/a	(4*3) - 5	7	n/a	100	0	800
129	show_math	7	F	n/a	(3*5) - 2	13	n/a	100	0	2009
129	solve_math	7	F	n/a	(3*5) - 2	13	false	100	1	905
129	show_letter	7	P	n/a	(3*5) - 2	13	n/a	100	0	800
129	show_math	7	P	n/a	(6/1) - 2	4	n/a	100	0	3516
129	solve_math	7	P	n/a	(6/1) - 2	4	false	100	1	640
129	show_letter	7	S	n/a	(6/1) - 2	4	n/a	100	0	800
129	show_math	7	S	n/a	(2/1) + 4	6	n/a	100	0	2869
129	solve_math	7	S	n/a	(2/1) + 4	6	false	100	1	555
129	show_letter	7	Y	n/a	(2/1) + 4	6	n/a	100	0	800
129	show_math	7	Y	n/a	(3*4) - 5	7	n/a	100	0	2211
129	solve_math	7	Y	n/a	(3*4) - 5	7	true	100	1	858
129	show_letter	7	J	n/a	(3*4) - 5	7	n/a	100	0	800
129	show_math	7	J	n/a	(1*5) + 9	14	n/a	100	0	2351
129	solve_math	7	J	n/a	(1*5) + 9	14	false	100	1	481
129	show_letter	7	Q	n/a	(1*5) + 9	14	n/a	100	0	800
129	recall_letter	7	Q	K	(1*5) + 9	14	n/a	100	0	1093
129	recall_letter	7	Q	KF	(1*5) + 9	14	n/a	100	0	2052
129	recall_letter	7	Q	KFP	(1*5) + 9	14	n/a	100	0	693
129	recall_letter	7	Q	KFP_	(1*5) + 9	14	n/a	100	0	3155
129	recall_letter	7	Q	KFP_Y	(1*5) + 9	14	n/a	100	0	625
129	recall_letter	7	Q	KFP_YJ	(1*5) + 9	14	n/a	100	0	890
129	recall_letter	7	Q	KFP_YJQ	(1*5) + 9	14	n/a	100	0	640
129	recall_letter	7	Q	KFP_YJQ	(1*5) + 9	14	n/a	100	0	1544
129	letter_feedback	7	Q	KFP_YJQ	(1*5) + 9	14	n/a	100	0	1500
129	show_math	3	Q	n/a	(1*4) - 4	0	n/a	100	0	1757
129	solve_math	3	Q	n/a	(1*4) - 4	0	true	100	1	863
129	show_letter	3	K	n/a	(1*4) - 4	0	n/a	100	0	800
129	show_math	3	K	n/a	(1*9) + 2	11	n/a	100	0	1643
129	solve_math	3	K	n/a	(1*9) + 2	11	true	100	1	841
129	show_letter	3	H	n/a	(1*9) + 2	11	n/a	100	0	800
129	show_math	3	H	n/a	(7/7) - 1	0	n/a	100	0	2142
129	solve_math	3	H	n/a	(7/7) - 1	0	false	100	1	801
129	show_letter	3	N	n/a	(7/7) - 1	0	n/a	100	0	800
129	recall_letter	3	N	K	(7/7) - 1	0	n/a	100	0	1351
129	recall_letter	3	N	KH	(7/7) - 1	0	n/a	100	0	693
129	recall_letter	3	N	KHN	(7/7) - 1	0	n/a	100	0	587
129	recall_letter	3	N	KHN	(7/7) - 1	0	n/a	100	0	669
129	letter_feedback	3	N	KHN	(7/7) - 1	0	n/a	100	0	1500
129	show_math	5	N	n/a	(2*7) + 9	23	n/a	100	0	2692
129	solve_math	5	N	n/a	(2*7) + 9	23	true	100	1	752
129	show_letter	5	J	n/a	(2*7) + 9	23	n/a	100	0	800
129	show_math	5	J	n/a	(6/2) - 3	0	n/a	100	0	2008
129	solve_math	5	J	n/a	(6/2) - 3	0	true	100	1	768
129	show_letter	5	K	n/a	(6/2) - 3	0	n/a	100	0	800
129	show_math	5	K	n/a	(1*7) + 1	8	n/a	100	0	1528
129	solve_math	5	K	n/a	(1*7) + 1	8	false	100	1	610
129	show_letter	5	P	n/a	(1*7) + 1	8	n/a	100	0	800
129	show_math	5	P	n/a	(5*2) - 1	9	n/a	100	0	1601
129	solve_math	5	P	n/a	(5*2) - 1	9	false	100	1	599
129	show_letter	5	N	n/a	(5*2) - 1	9	n/a	100	0	800
129	show_math	5	N	n/a	(1/1) - 0	1	n/a	100	0	1815
129	solve_math	5	N	n/a	(1/1) - 0	1	false	100	1	917
129	show_letter	5	T	n/a	(1/1) - 0	1	n/a	100	0	800
129	recall_letter	5	T	J	(1/1) - 0	1	n/a	100	0	1943
129	recall_letter	5	T	JK	(1/1) - 0	1	n/a	100	0	509
129	recall_letter	5	T	JKP	(1/1) - 0	1	n/a	100	0	1482
129	recall_letter	5	T	JKPN	(1/1) - 0	1	n/a	100	0	681
129	recall_letter	5	T	JKPNT	(1/1) - 0	1	n/a	100	0	1304
129	recall_letter	5	T	JKPNT	(1/1) - 0	1	n/a	100	0	934
129	letter_feedback	5	T	JKPNT	(1/1) - 0	1	n/a	100	0	1500
129	show_math	5	T	n/a	(9/1) - 8	1	n/a	100	0	2955
129	solve_math	5	T	n/a	(9/1) - 8	1	true	100	1	876
129	show_letter	5	H	n/a	(9/1) - 8	1	n/a	100	0	800
129	show_math	5	H	n/a	(9/3) - 2	1	n/a	100	0	2544
129	solve_math	5	H	n/a	(9/3) - 2	1	true	100	1	994
129	show_letter	5	S	n/a	(9/3) - 2	1	n/a	100	0	800
129	show_math	5	S	n/a	(7/1) + 8	15	n/a	100	0	2049
129	solve_math	5	S	n/a	(7/1) + 8	15	false	100	1	847
129	show_letter	5	L	n/a	(7/1) + 8	15	n/a	100	0	800
129	show_math	5	L	n/a	(1*6) - 4	2	n/a	100	0	1620
129	solve_math	5	L	n/a	(1*6) - 4	2	true	100	1	770
129	show_letter	5	P	n/a	(1*6) - 4	2	n/a	100	0	800
129	show_math	5	P	n/a	(2/2) + 3	4	n/a	100	0	2138
129	solve_math	5	P	n/a	(2/2) + 3	4	false	100	1	644
129	show_letter	5	K	n/a	(2/2) + 3	4	n/a	100	0	800
129	recall_letter	5	K	H	(2/2) + 3	4	n/a	100	0	1545
129	recall_letter	5	K	HS	(2/2) + 3	4	n/a	100	0	494
129	recall_letter	5	K	HSL	(2/2) + 3	4	n/a	100	0	580
129	recall_letter	5	K	HSLP	(2/2) + 3	4	n/a	100	0	503
129	recall_letter	5	K	HSLPK	(2/2) + 3	4	n/a	100	0	421
129	recall_letter	5	K	HSLPK	(2/2) + 3	4	n/a	100	0	854
129	letter_feedback	5	K	HSLPK	(2/2) + 3	4	n/a	100	0	1500
129	show_math	3	K	n/a	(1*5) + 5	10	n/a	100	0	1326
129	solve_math	3	K	n/a	(1*5) + 5	10	true	100	1	792
129	show_letter	3	Q	n/a	(1*5) + 5	10	n/a	100	0	800
129	show_math	3	Q	n/a	(3*4) + 6	18	n/a	100	0	1999
129	solve_math	3	Q	n/a	(3*4) + 6	18	false	100	1	807
129	show_letter	3	L	n/a	(3*4) + 6	18	n/a	100	0	800
129	show_math	3	L	n/a	(3/1) + 1	4	n/a	100	0	1734
129	solve_math	3	L	n/a	(3/1) + 1	4	true	100	1	783
129	show_letter	3	J	n/a	(3/1) + 1	4	n/a	100	0	800
129	recall_letter	3	J	Q	(3/1) + 1	4	n/a	100	0	943
129	recall_letter	3	J	QL	(3/1) + 1	4	n/a	100	0	724
129	recall_letter	3	J	QLJ	(3/1) + 1	4	n/a	100	0	961
129	recall_letter	3	J	QLJ	(3/1) + 1	4	n/a	100	0	756
129	letter_feedback	3	J	QLJ	(3/1) + 1	4	n/a	100	0	1500
129	show_math	5	J	n/a	(6/2) - 1	2	n/a	100	0	2233
129	solve_math	5	J	n/a	(6/2) - 1	2	false	100	1	1071
129	show_letter	5	N	n/a	(6/2) - 1	2	n/a	100	0	800
129	show_math	5	N	n/a	(5/1) + 6	11	n/a	100	0	2435
129	solve_math	5	N	n/a	(5/1) + 6	11	true	100	1	657
129	show_letter	5	S	n/a	(5/1) + 6	11	n/a	100	0	800
129	show_math	5	S	n/a	(3*2) + 8	14	n/a	100	0	2223
129	solve_math	5	S	n/a	(3*2) + 8	14	true	100	1	1109
129	show_letter	5	J	n/a	(3*2) + 8	14	n/a	100	0	800
129	show_math	5	J	n/a	(6/1) - 4	2	n/a	100	0	2400
129	solve_math	5	J	n/a	(6/1) - 4	2	false	100	1	783
129	show_letter	5	K	n/a	(6/1) - 4	2	n/a	100	0	800
129	show_math	5	K	n/a	(3/3) + 1	2	n/a	100	0	1767
129	solve_math	5	K	n/a	(3/3) + 1	2	false	100	1	887
129	show_letter	5	P	n/a	(3/3) + 1	2	n/a	100	0	800
129	recall_letter	5	P	N	(3/3) + 1	2	n/a	100	0	2179
129	recall_letter	5	P	NS	(3/3) + 1	2	n/a	100	0	655
129	recall_letter	5	P	NSJ	(3/3) + 1	2	n/a	100	0	1032
129	recall_letter	5	P	NSJK	(3/3) + 1	2	n/a	100	0	681
129	recall_letter	5	P	NSJKP	(3/3) + 1	2	n/a	100	0	480
129	recall_letter	5	P	NSJKP	(3/3) + 1	2	n/a	100	0	734
129	letter_feedback	5	P	NSJKP	(3/3) + 1	2	n/a	100	0	1500
129	show_math	3	P	n/a	(5/5) + 1	2	n/a	100	0	1123
129	solve_math	3	P	n/a	(5/5) + 1	2	false	100	1	1197
129	show_letter	3	J	n/a	(5/5) + 1	2	n/a	100	0	800
129	show_math	3	J	n/a	(7*2) - 3	11	n/a	100	0	1477
129	solve_math	3	J	n/a	(7*2) - 3	11	true	100	1	689
129	show_letter	3	F	n/a	(7*2) - 3	11	n/a	100	0	800
129	show_math	3	F	n/a	(2*6) + 6	18	n/a	100	0	2300
129	solve_math	3	F	n/a	(2*6) + 6	18	true	100	1	945
129	show_letter	3	K	n/a	(2*6) + 6	18	n/a	100	0	800
129	recall_letter	3	K	J	(2*6) + 6	18	n/a	100	0	1922
129	recall_letter	3	K	JF	(2*6) + 6	18	n/a	100	0	1561
129	recall_letter	3	K	JFK	(2*6) + 6	18	n/a	100	0	357
129	recall_letter	3	K	JFK	(2*6) + 6	18	n/a	100	0	952
129	letter_feedback	3	K	JFK	(2*6) + 6	18	n/a	100	0	1500
129	show_math	6	K	n/a	(9/1) - 4	5	n/a	100	0	2347
129	solve_math	6	K	n/a	(9/1) - 4	5	false	100	1	790
129	show_letter	6	N	n/a	(9/1) - 4	5	n/a	100	0	800
129	show_math	6	N	n/a	(6/6) + 1	2	n/a	100	0	2301
129	solve_math	6	N	n/a	(6/6) + 1	2	true	100	1	889
129	show_letter	6	Y	n/a	(6/6) + 1	2	n/a	100	0	800
129	show_math	6	Y	n/a	(2*7) - 9	5	n/a	100	0	3420
129	solve_math	6	Y	n/a	(2*7) - 9	5	true	100	1	1029
129	show_letter	6	J	n/a	(2*7) - 9	5	n/a	100	0	800
129	show_math	6	J	n/a	(8/1) - 5	3	n/a	100	0	2810
129	solve_math	6	J	n/a	(8/1) - 5	3	false	100	1	642
129	show_letter	6	F	n/a	(8/1) - 5	3	n/a	100	0	800
129	show_math	6	F	n/a	(1*7) + 2	9	n/a	100	0	1792
129	solve_math	6	F	n/a	(1*7) + 2	9	true	100	1	776
129	show_letter	6	S	n/a	(1*7) + 2	9	n/a	100	0	800
129	show_math	6	S	n/a	(4/1) + 9	13	n/a	100	0	2215
129	solve_math	6	S	n/a	(4/1) + 9	13	false	100	1	663
129	show_letter	6	T	n/a	(4/1) + 9	13	n/a	100	0	800
129	recall_letter	6	T	N	(4/1) + 9	13	n/a	100	0	1843
129	recall_letter	6	T	NY	(4/1) + 9	13	n/a	100	0	596
129	recall_letter	6	T	NYJ	(4/1) + 9	13	n/a	100	0	1335
129	recall_letter	6	T	NYJF	(4/1) + 9	13	n/a	100	0	772
129	recall_letter	6	T	NYJFS	(4/1) + 9	13	n/a	100	0	551
129	recall_letter	6	T	NYJFST	(4/1) + 9	13	n/a	100	0	611
129	recall_letter	6	T	NYJFST	(4/1) + 9	13	n/a	100	0	908
129	letter_feedback	6	T	NYJFST	(4/1) + 9	13	n/a	100	0	1500
129	show_math	4	T	n/a	(8/4) + 5	7	n/a	100	0	2050
129	solve_math	4	T	n/a	(8/4) + 5	7	false	100	1	615
129	show_letter	4	P	n/a	(8/4) + 5	7	n/a	100	0	800
129	show_math	4	P	n/a	(5*2) + 7	17	n/a	100	0	1549
129	solve_math	4	P	n/a	(5*2) + 7	17	false	100	1	743
129	show_letter	4	N	n/a	(5*2) + 7	17	n/a	100	0	800
129	show_math	4	N	n/a	(8/2) - 3	1	n/a	100	0	3048
129	solve_math	4	N	n/a	(8/2) - 3	1	false	100	1	487
129	show_letter	4	Q	n/a	(8/2) - 3	1	n/a	100	0	800
129	show_math	4	Q	n/a	(6/3) + 1	3	n/a	100	0	1770
129	solve_math	4	Q	n/a	(6/3) + 1	3	true	100	1	842
129	show_letter	4	J	n/a	(6/3) + 1	3	n/a	100	0	800
129	recall_letter	4	J	P	(6/3) + 1	3	n/a	100	0	1856
129	recall_letter	4	J	PN	(6/3) + 1	3	n/a	100	0	736
129	recall_letter	4	J	PNQ	(6/3) + 1	3	n/a	100	0	541
129	recall_letter	4	J	PNQJ	(6/3) + 1	3	n/a	100	0	913
129	recall_letter	4	J	PNQJ	(6/3) + 1	3	n/a	100	0	1039
129	letter_feedback	4	J	PNQJ	(6/3) + 1	3	n/a	100	0	1500
129	show_math	4	J	n/a	(1*8) + 8	16	n/a	100	0	2319
129	solve_math	4	J	n/a	(1*8) + 8	16	true	100	1	809
129	show_letter	4	H	n/a	(1*8) + 8	16	n/a	100	0	800
129	show_math	4	H	n/a	(5*3) - 9	6	n/a	100	0	2336
129	solve_math	4	H	n/a	(5*3) - 9	6	false	100	1	827
129	show_letter	4	N	n/a	(5*3) - 9	6	n/a	100	0	800
129	show_math	4	N	n/a	(3*5) - 6	9	n/a	100	0	2153
129	solve_math	4	N	n/a	(3*5) - 6	9	false	100	1	1019
129	show_letter	4	Y	n/a	(3*5) - 6	9	n/a	100	0	800
129	show_math	4	Y	n/a	(2*3) + 7	13	n/a	100	0	2458
129	solve_math	4	Y	n/a	(2*3) + 7	13	true	100	1	928
129	show_letter	4	K	n/a	(2*3) + 7	13	n/a	100	0	800
129	recall_letter	4	K	H	(2*3) + 7	13	n/a	100	0	1338
129	recall_letter	4	K	HN	(2*3) + 7	13	n/a	100	0	855
129	recall_letter	4	K	HNY	(2*3) + 7	13	n/a	100	0	703
129	recall_letter	4	K	HNYK	(2*3) + 7	13	n/a	100	0	821
129	recall_letter	4	K	HNYK	(2*3) + 7	13	n/a	100	0	734
129	letter_feedback	4	K	HNYK	(2*3) + 7	13	n/a	100	0	1500
129	show_math	4	K	n/a	(9/9) + 1	2	n/a	100	0	2450
129	solve_math	4	K	n/a	(9/9) + 1	2	true	100	1	936
129	show_letter	4	Q	n/a	(9/9) + 1	2	n/a	100	0	800
129	show_math	4	Q	n/a	(7/7) - 0	1	n/a	100	0	2890
129	solve_math	4	Q	n/a	(7/7) - 0	1	false	100	1	695
129	show_letter	4	J	n/a	(7/7) - 0	1	n/a	100	0	800
129	show_math	4	J	n/a	(1*2) + 2	4	n/a	100	0	2089
129	solve_math	4	J	n/a	(1*2) + 2	4	true	100	1	749
129	show_letter	4	Y	n/a	(1*2) + 2	4	n/a	100	0	800
129	show_math	4	Y	n/a	(6*2) + 4	16	n/a	100	0	2622
129	solve_math	4	Y	n/a	(6*2) + 4	16	true	100	1	790
129	show_letter	4	N	n/a	(6*2) + 4	16	n/a	100	0	800
129	recall_letter	4	N	Q	(6*2) + 4	16	n/a	100	0	1662
129	recall_letter	4	N	QJ	(6*2) + 4	16	n/a	100	0	934
129	recall_letter	4	N	QJY	(6*2) + 4	16	n/a	100	0	435
129	recall_letter	4	N	QJYN	(6*2) + 4	16	n/a	100	0	404
129	recall_letter	4	N	QJYN	(6*2) + 4	16	n/a	100	0	814
129	letter_feedback	4	N	QJYN	(6*2) + 4	16	n/a	100	0	1500
