participant_id	block	block_number	trial_type	trial_number	response	response_time	set_size	square_location	symmetry_problem	symmetry_problem_count	symmetry_timeout	presented_sequence	recalled_sequence	correct_squares	set_correct	sspan_running	total_correct_squares_running	total_recalled_sets_running	symmetry_true_answer	symmetry_correct	symmetry_accuracy_running	final_sspan	final_total_correct_squares	final_total_recalled_sets	final_symmetry_accuracy
sub-051	TestBoth	8	show_symmetry	2	lbuttondown	2.102	2	n/a	symm48.jpg	1	35.7444	n/a	n/a	n/a	n/a	n/a	n/a	n/a	FALSE	n/a	n/a	18	30	6	0.88095
sub-051	TestBoth	8	solve_symmetry	3	FALSE	0.593	2	n/a	symm48.jpg	1	35.7444	n/a	n/a	n/a	n/a	n/a	n/a	n/a	FALSE	1	1	18	30	6	0.88095
sub-051	TestBoth	8	show_square	4	0	0.65	2	R3C3	n/a	1	35.7444	n/a	n/a	n/a	n/a	n/a	n/a	n/a	n/a	n/a	n/a	18	30	6	0.88095
sub-051	TestBoth	8	show_symmetry	5	lbuttondown	1.401	2	n/a	symm41.jpg	2	35.7444	n/a	n/a	n/a	n/a	n/a	n/a	n/a	FALSE	n/a	n/a	18	30	6	0.88095
sub-051	TestBoth	8	solve_symmetry	6	FALSE	0.467	2	n/a	symm41.jpg	2	35.7444	n/a	n/a	n/a	n/a	n/a	n/a	n/a	FALSE	1	1	18	30	6	0.88095
sub-051	TestBoth	8	show_square	7	0	0.65	2	R4C3	n/a	2	35.7444	n/a	n/a	n/a	n/a	n/a	n/a	n/a	n/a	n/a	n/a	18	30	6	0.88095
sub-051	TestBoth	8	recall_square	8	R2C2	0.504	2	n/a	n/a	2	35.7444	n/a	n/a	n/a	n/a	n/a	n/a	n/a	n/a	n/a	n/a	18	30	6	0.88095
sub-051	TestBoth	8	recall_square	9	R4C3	0.607	2	n/a	n/a	2	35.7444	n/a	n/a	n/a	n/a	n/a	n/a	n/a	n/a	n/a	n/a	18	30	6	0.88095
sub-051	TestBoth	8	recall_square	10	clear	2.875	2	n/a	n/a	2	35.7444	n/a	n/a	n/a	n/a	n/a	n/a	n/a	n/a	n/a	n/a	18	30	6	0.88095
sub-051	TestBoth	8	recall_square	11	R3C2	0.881	2	n/a	n/a	2	35.7444	n/a	n/a	n/a	n/a	n/a	n/a	n/a	n/a	n/a	n/a	18	30	6	0.88095
sub-051	TestBoth	8	recall_square	12	R4C3	0.343	2	n/a	n/a	2	35.7444	n/a	n/a	n/a	n/a	n/a	n/a	n/a	n/a	n/a	n/a	18	30	6	0.88095
sub-051	TestBoth	8	recall_square	13	exit	0.691	2	n/a	n/a	2	35.7444	n/a	n/a	n/a	n/a	n/a	n/a	n/a	n/a	n/a	n/a	18	30	6	0.88095
sub-051	TestBoth	8	square_feedback	14	0	1.5	2	n/a	n/a	2	35.7444	R3C3;R4C3	R3C2;R4C3	1	0	0	1	0	n/a	n/a	n/a	18	30	6	0.88095
sub-051	TestBoth	8	show_symmetry	16	lbuttondown	3.36	2	n/a	symm11.jpg	3	35.7444	n/a	n/a	n/a	n/a	n/a	n/a	n/a	TRUE	n/a	n/a	18	30	6	0.88095
sub-051	TestBoth	8	solve_symmetry	17	TRUE	0.703	2	n/a	symm11.jpg	3	35.7444	n/a	n/a	n/a	n/a	n/a	n/a	n/a	TRUE	1	1	18	30	6	0.88095
sub-051	TestBoth	8	show_square	18	0	0.65	2	R3C1	n/a	3	35.7444	n/a	n/a	n/a	n/a	n/a	n/a	n/a	n/a	n/a	n/a	18	30	6	0.88095
sub-051	TestBoth	8	show_symmetry	19	lbuttondown	0.971	2	n/a	symm43.jpg	4	35.7444	n/a	n/a	n/a	n/a	n/a	n/a	n/a	FALSE	n/a	n/a	18	30	6	0.88095
sub-051	TestBoth	8	solve_symmetry	20	FALSE	0.837	2	n/a	symm43.jpg	4	35.7444	n/a	n/a	n/a	n/a	n/a	n/a	n/a	FALSE	1	1	18	30	6	0.88095
sub-051	TestBoth	8	show_square	21	0	0.65	2	R4C1	n/a	4	35.7444	n/a	n/a	n/a	n/a	n/a	n/a	n/a	n/a	n/a	n/a	18	30	6	0.88095
sub-051	TestBoth	8	recall_square	22	R3C1	0.391	2	n/a	n/a	4	35.7444	n/a	n/a	n/a	n/a	n/a	n/a	n/a	n/a	n/a	n/a	18	30	6	0.88095
sub-051	TestBoth	8	recall_square	23	R4C1	0.4	2	n/a	n/a	4	35.7444	n/a	n/a	n/a	n/a	n/a	n/a	n/a	n/a	n/a	n/a	18	30	6	0.88095
sub-051	TestBoth	8	recall_square	24	exit	0.903	2	n/a	n/a	4	35.7444	n/a	n/a	n/a	n/a	n/a	n/a	n/a	n/a	n/a	n/a	18	30	6	0.88095
sub-051	TestBoth	8	square_feedback	25	0	1.5	2	n/a	n/a	4	35.7444	R3C1;R4C1	R3C1;R4C1	2	1	2	3	1	n/a	n/a	n/a	18	30	6	0.88095
sub-051	TestBoth	8	show_symmetry	27	lbuttondown	1.385	2	n/a	symm17.jpg	5	35.7444	n/a	n/a	n/a	n/a	n/a	n/a	n/a	TRUE	n/a	n/a	18	30	6	0.88095
sub-051	TestBoth	8	solve_symmetry	28	TRUE	0.56	2	n/a	symm17.jpg	5	35.7444	n/a	n/a	n/a	n/a	n/a	n/a	n/a	TRUE	1	1	18	30	6	0.88095
sub-051	TestBoth	8	show_square	29	0	0.65	2	R4C3	n/a	5	35.7444	n/a	n/a	n/a	n/a	n/a	n/a	n/a	n/a	n/a	n/a	18	30	6	0.88095
sub-051	TestBoth	8	show_symmetry	30	lbuttondown	0.799	2	n/a	symm31.jpg	6	35.7444	n/a	n/a	n/a	n/a	n/a	n/a	n/a	FALSE	n/a	n/a	18	30	6	0.88095
sub-051	TestBoth	8	solve_symmetry	31	TRUE	0.606	2	n/a	symm31.jpg	6	35.7444	n/a	n/a	n/a	n/a	n/a	n/a	n/a	FALSE	0	0.83333	18	30	6	0.88095
sub-051	TestBoth	8	show_square	32	0	0.65	2	R2C2	n/a	6	35.7444	n/a	n/a	n/a	n/a	n/a	n/a	n/a	n/a	n/a	n/a	18	30	6	0.88095
sub-051	TestBoth	8	recall_square	33	R4C3	0.298	2	n/a	n/a	6	35.7444	n/a	n/a	n/a	n/a	n/a	n/a	n/a	n/a	n/a	n/a	18	30	6	0.88095
sub-051	TestBoth	8	recall_square	34	R2C2	0.403	2	n/a	n/a	6	35.7444	n/a	n/a	n/a	n/a	n/a	n/a	n/a	n/a	n/a	n/a	18	30	6	0.88095
sub-051	TestBoth	8	recall_square	35	exit	0.932	2	n/a	n/a	6	35.7444	n/a	n/a	n/a	n/a	n/a	n/a	n/a	n/a	n/a	n/a	18	30	6	0.88095
sub-051	TestBoth	8	square_feedback	36	0	1.5	2	n/a	n/a	6	35.7444	R4C3;R2C2	R4C3;R2C2	2	1	4	5	2	n/a	n/a	n/a	18	30	6	0.88095
sub-051	TestBoth	8	show_symmetry	38	lbuttondown	0.975	3	n/a	symm03.jpg	7	35.7444	n/a	n/a	n/a	n/a	n/a	n/a	n/a	TRUE	n/a	n/a	18	30	6	0.88095
sub-051	TestBoth	8	solve_symmetry	39	TRUE	0.983	3	n/a	symm03.jpg	7	35.7444	n/a	n/a	n/a	n/a	n/a	n/a	n/a	TRUE	1	0.85714	18	30	6	0.88095
sub-051	TestBoth	8	show_square	40	0	0.65	3	R3C1	n/a	7	35.7444	n/a	n/a	n/a	n/a	n/a	n/a	n/a	n/a	n/a	n/a	18	30	6	0.88095
sub-051	TestBoth	8	show_symmetry	41	lbuttondown	0.754	3	n/a	symm23.jpg	8	35.7444	n/a	n/a	n/a	n/a	n/a	n/a	n/a	TRUE	n/a	n/a	18	30	6	0.88095
sub-051	TestBoth	8	solve_symmetry	42	TRUE	0.623	3	n/a	symm23.jpg	8	35.7444	n/a	n/a	n/a	n/a	n/a	n/a	n/a	TRUE	1	0.875	18	30	6	0.88095
sub-051	TestBoth	8	show_square	43	0	0.65	3	R4C2	n/a	8	35.7444	n/a	n/a	n/a	n/a	n/a	n/a	n/a	n/a	n/a	n/a	18	30	6	0.88095
sub-051	TestBoth	8	show_symmetry	44	lbuttondown	2.634	3	n/a	symm37.jpg	9	35.7444	n/a	n/a	n/a	n/a	n/a	n/a	n/a	FALSE	n/a	n/a	18	30	6	0.88095
sub-051	TestBoth	8	solve_symmetry	45	FALSE	0.564	3	n/a	symm37.jpg	9	35.7444	n/a	n/a	n/a	n/a	n/a	n/a	n/a	FALSE	1	0.88889	18	30	6	0.88095
sub-051	TestBoth	8	show_square	46	0	0.65	3	R2C4	n/a	9	35.7444	n/a	n/a	n/a	n/a	n/a	n/a	n/a	n/a	n/a	n/a	18	30	6	0.88095
sub-051	TestBoth	8	recall_square	47	R3C1	0.386	3	n/a	n/a	9	35.7444	n/a	n/a	n/a	n/a	n/a	n/a	n/a	n/a	n/a	n/a	18	30	6	0.88095
sub-051	TestBoth	8	recall_square	48	R4C2	0.407	3	n/a	n/a	9	35.7444	n/a	n/a	n/a	n/a	n/a	n/a	n/a	n/a	n/a	n/a	18	30	6	0.88095
sub-051	TestBoth	8	recall_square	49	R2C4	0.562	3	n/a	n/a	9	35.7444	n/a	n/a	n/a	n/a	n/a	n/a	n/a	n/a	n/a	n/a	18	30	6	0.88095
sub-051	TestBoth	8	recall_square	50	exit	0.773	3	n/a	n/a	9	35.7444	n/a	n/a	n/a	n/a	n/a	n/a	n/a	n/a	n/a	n/a	18	30	6	0.88095
sub-051	TestBoth	8	square_feedback	51	0	1.5	3	n/a	n/a	9	35.7444	R3C1;R4C2;R2C4	R3C1;R4C2;R2C4	3	1	7	8	3	n/a	n/a	n/a	18	30	6	0.88095
sub-051	TestBoth	8	show_symmetry	53	lbuttondown	0.882	3	n/a	symm15.jpg	10	35.7444	n/a	n/a	n/a	n/a	n/a	n/a	n/a	TRUE	n/a	n/a	18	30	6	0.88095
sub-051	TestBoth	8	solve_symmetry	54	TRUE	0.451	3	n/a	symm15.jpg	10	35.7444	n/a	n/a	n/a	n/a	n/a	n/a	n/a	TRUE	1	0.9	18	30	6	0.88095
sub-051	TestBoth	8	show_square	55	0	0.65	3	R4C4	n/a	10	35.7444	n/a	n/a	n/a	n/a	n/a	n/a	n/a	n/a	n/a	n/a	18	30	6	0.88095
sub-051	TestBoth	8	show_symmetry	56	lbuttondown	1.046	3	n/a	symm33.jpg	11	35.7444	n/a	n/a	n/a	n/a	n/a	n/a	n/a	FALSE	n/a	n/a	18	30	6	0.88095
sub-051	TestBoth	8	solve_symmetry	57	FALSE	0.651	3	n/a	symm33.jpg	11	35.7444	n/a	n/a	n/a	n/a	n/a	n/a	n/a	FALSE	1	0.90909	18	30	6	0.88095
sub-051	TestBoth	8	show_square	58	0	0.65	3	R1C1	n/a	11	35.7444	n/a	n/a	n/a	n/a	n/a	n/a	n/a	n/a	n/a	n/a	18	30	6	0.88095
sub-051	TestBoth	8	show_symmetry	59	lbuttondown	1.057	3	n/a	symm27.jpg	12	35.7444	n/a	n/a	n/a	n/a	n/a	n/a	n/a	FALSE	n/a	n/a	18	30	6	0.88095
sub-051	TestBoth	8	solve_symmetry	60	TRUE	0.567	3	n/a	symm27.jpg	12	35.7444	n/a	n/a	n/a	n/a	n/a	n/a	n/a	FALSE	0	0.83333	18	30	6	0.88095
sub-051	TestBoth	8	show_square	61	0	0.65	3	R3C1	n/a	12	35.7444	n/a	n/a	n/a	n/a	n/a	n/a	n/a	n/a	n/a	n/a	18	30	6	0.88095
sub-051	TestBoth	8	recall_square	62	R4C4	0.312	3	n/a	n/a	12	35.7444	n/a	n/a	n/a	n/a	n/a	n/a	n/a	n/a	n/a	n/a	18	30	6	0.88095
sub-051	TestBoth	8	recall_square	63	R1C1	0.619	3	n/a	n/a	12	35.7444	n/a	n/a	n/a	n/a	n/a	n/a	n/a	n/a	n/a	n/a	18	30	6	0.88095
sub-051	TestBoth	8	recall_square	64	R3C1	0.368	3	n/a	n/a	12	35.7444	n/a	n/a	n/a	n/a	n/a	n/a	n/a	n/a	n/a	n/a	18	30	6	0.88095
sub-051	TestBoth	8	recall_square	65	exit	0.858	3	n/a	n/a	12	35.7444	n/a	n/a	n/a	n/a	n/a	n/a	n/a	n/a	n/a	n/a	18	30	6	0.88095
sub-051	TestBoth	8	square_feedback	66	0	1.5	3	n/a	n/a	12	35.7444	R4C4;R1C1;R3C1	R4C4;R1C1;R3C1	3	1	10	11	4	n/a	n/a	n/a	18	30	6	0.88095
sub-051	TestBoth	8	show_symmetry	68	lbuttondown	1.265	3	n/a	symm36.jpg	13	35.7444	n/a	n/a	n/a	n/a	n/a	n/a	n/a	FALSE	n/a	n/a	18	30	6	0.88095
sub-051	TestBoth	8	solve_symmetry	69	FALSE	0.935	3	n/a	symm36.jpg	13	35.7444	n/a	n/a	n/a	n/a	n/a	n/a	n/a	FALSE	1	0.84615	18	30	6	0.88095
sub-051	TestBoth	8	show_square	70	0	0.65	3	R3C3	n/a	13	35.7444	n/a	n/a	n/a	n/a	n/a	n/a	n/a	n/a	n/a	n/a	18	30	6	0.88095
sub-051	TestBoth	8	show_symmetry	71	lbuttondown	0.775	3	n/a	symm38.jpg	14	35.7444	n/a	n/a	n/a	n/a	n/a	n/a	n/a	FALSE	n/a	n/a	18	30	6	0.88095
sub-051	TestBoth	8	solve_symmetry	72	FALSE	1.31	3	n/a	symm38.jpg	14	35.7444	n/a	n/a	n/a	n/a	n/a	n/a	n/a	FALSE	1	0.85714	18	30	6	0.88095
sub-051	TestBoth	8	show_square	73	0	0.65	3	R2C1	n/a	14	35.7444	n/a	n/a	n/a	n/a	n/a	n/a	n/a	n/a	n/a	n/a	18	30	6	0.88095
sub-051	TestBoth	8	show_symmetry	74	lbuttondown	1.788	3	n/a	symm40.jpg	15	35.7444	n/a	n/a	n/a	n/a	n/a	n/a	n/a	FALSE	n/a	n/a	18	30	6	0.88095
sub-051	TestBoth	8	solve_symmetry	75	FALSE	0.738	3	n/a	symm40.jpg	15	35.7444	n/a	n/a	n/a	n/a	n/a	n/a	n/a	FALSE	1	0.86667	18	30	6	0.88095
sub-051	TestBoth	8	show_square	76	0	0.65	3	R4C4	n/a	15	35.7444	n/a	n/a	n/a	n/a	n/a	n/a	n/a	n/a	n/a	n/a	18	30	6	0.88095
sub-051	TestBoth	8	recall_square	77	R2C4	0.291	3	n/a	n/a	15	35.7444	n/a	n/a	n/a	n/a	n/a	n/a	n/a	n/a	n/a	n/a	18	30	6	0.88095
sub-051	TestBoth	8	recall_square	78	R2C1	0.46	3	n/a	n/a	15	35.7444	n/a	n/a	n/a	n/a	n/a	n/a	n/a	n/a	n/a	n/a	18	30	6	0.88095
sub-051	TestBoth	8	recall_square	79	R4C4	0.618	3	n/a	n/a	15	35.7444	n/a	n/a	n/a	n/a	n/a	n/a	n/a	n/a	n/a	n/a	18	30	6	0.88095
sub-051	TestBoth	8	recall_square	80	exit	0.702	3	n/a	n/a	15	35.7444	n/a	n/a	n/a	n/a	n/a	n/a	n/a	n/a	n/a	n/a	18	30	6	0.88095
sub-051	TestBoth	8	square_feedback	81	0	1.5	3	n/a	n/a	15	35.7444	R3C3;R2C1;R4C4	R2C4;R2C1;R4C4	2	0	10	13	4	n/a	n/a	n/a	18	30	6	0.88095
sub-051	TestBoth	8	show_symmetry	83	lbuttondown	1.731	4	n/a	symm13.jpg	16	35.7444	n/a	n/a	n/a	n/a	n/a	n/a	n/a	TRUE	n/a	n/a	18	30	6	0.88095
sub-051	TestBoth	8	solve_symmetry	84	TRUE	0.553	4	n/a	symm13.jpg	16	35.7444	n/a	n/a	n/a	n/a	n/a	n/a	n/a	TRUE	1	0.875	18	30	6	0.88095
sub-051	TestBoth	8	show_square	85	0	0.65	4	R3C2	n/a	16	35.7444	n/a	n/a	n/a	n/a	n/a	n/a	n/a	n/a	n/a	n/a	18	30	6	0.88095
sub-051	TestBoth	8	show_symmetry	86	lbuttondown	0.843	4	n/a	symm09.jpg	17	35.7444	n/a	n/a	n/a	n/a	n/a	n/a	n/a	TRUE	n/a	n/a	18	30	6	0.88095
sub-051	TestBoth	8	solve_symmetry	87	TRUE	0.496	4	n/a	symm09.jpg	17	35.7444	n/a	n/a	n/a	n/a	n/a	n/a	n/a	TRUE	1	0.88235	18	30	6	0.88095
sub-051	TestBoth	8	show_square	88	0	0.65	4	R3C1	n/a	17	35.7444	n/a	n/a	n/a	n/a	n/a	n/a	n/a	n/a	n/a	n/a	18	30	6	0.88095
sub-051	TestBoth	8	show_symmetry	89	lbuttondown	1.235	4	n/a	symm18.jpg	18	35.7444	n/a	n/a	n/a	n/a	n/a	n/a	n/a	TRUE	n/a	n/a	18	30	6	0.88095
sub-051	TestBoth	8	solve_symmetry	90	TRUE	0.669	4	n/a	symm18.jpg	18	35.7444	n/a	n/a	n/a	n/a	n/a	n/a	n/a	TRUE	1	0.88889	18	30	6	0.88095
sub-051	TestBoth	8	show_square	91	0	0.65	4	R2C3	n/a	18	35.7444	n/a	n/a	n/a	n/a	n/a	n/a	n/a	n/a	n/a	n/a	18	30	6	0.88095
sub-051	TestBoth	8	show_symmetry	92	lbuttondown	2.08	4	n/a	symm45.jpg	19	35.7444	n/a	n/a	n/a	n/a	n/a	n/a	n/a	FALSE	n/a	n/a	18	30	6	0.88095
sub-051	TestBoth	8	solve_symmetry	93	TRUE	0.666	4	n/a	symm45.jpg	19	35.7444	n/a	n/a	n/a	n/a	n/a	n/a	n/a	FALSE	0	0.84211	18	30	6	0.88095
sub-051	TestBoth	8	show_square	94	0	0.65	4	R4C1	n/a	19	35.7444	n/a	n/a	n/a	n/a	n/a	n/a	n/a	n/a	n/a	n/a	18	30	6	0.88095
sub-051	TestBoth	8	recall_square	95	R3C2	1.817	4	n/a	n/a	19	35.7444	n/a	n/a	n/a	n/a	n/a	n/a	n/a	n/a	n/a	n/a	18	30	6	0.88095
sub-051	TestBoth	8	recall_square	96	R3C1	0.683	4	n/a	n/a	19	35.7444	n/a	n/a	n/a	n/a	n/a	n/a	n/a	n/a	n/a	n/a	18	30	6	0.88095
sub-051	TestBoth	8	recall_square	97	R2C3	1.176	4	n/a	n/a	19	35.7444	n/a	n/a	n/a	n/a	n/a	n/a	n/a	n/a	n/a	n/a	18	30	6	0.88095
sub-051	TestBoth	8	recall_square	98	R4C1	0.477	4	n/a	n/a	19	35.7444	n/a	n/a	n/a	n/a	n/a	n/a	n/a	n/a	n/a	n/a	18	30	6	0.88095
sub-051	TestBoth	8	recall_square	99	exit	0.852	4	n/a	n/a	19	35.7444	n/a	n/a	n/a	n/a	n/a	n/a	n/a	n/a	n/a	n/a	18	30	6	0.88095
sub-051	TestBoth	8	square_feedback	100	0	1.5	4	n/a	n/a	19	35.7444	R3C2;R3C1;R2C3;R4C1	R3C2;R3C1;R2C3;R4C1	4	1	14	17	5	n/a	n/a	n/a	18	30	6	0.88095
sub-051	TestBoth	8	show_symmetry	102	lbuttondown	1.121	4	n/a	symm47.jpg	20	35.7444	n/a	n/a	n/a	n/a	n/a	n/a	n/a	FALSE	n/a	n/a	18	30	6	0.88095
sub-051	TestBoth	8	solve_symmetry	103	FALSE	1.119	4	n/a	symm47.jpg	20	35.7444	n/a	n/a	n/a	n/a	n/a	n/a	n/a	FALSE	1	0.85	18	30	6	0.88095
sub-051	TestBoth	8	show_square	104	0	0.65	4	R1C2	n/a	20	35.7444	n/a	n/a	n/a	n/a	n/a	n/a	n/a	n/a	n/a	n/a	18	30	6	0.88095
sub-051	TestBoth	8	show_symmetry	105	lbuttondown	1.852	4	n/a	symm02.jpg	21	35.7444	n/a	n/a	n/a	n/a	n/a	n/a	n/a	TRUE	n/a	n/a	18	30	6	0.88095
sub-051	TestBoth	8	solve_symmetry	106	TRUE	0.668	4	n/a	symm02.jpg	21	35.7444	n/a	n/a	n/a	n/a	n/a	n/a	n/a	TRUE	1	0.85714	18	30	6	0.88095
sub-051	TestBoth	8	show_square	107	0	0.65	4	R3C4	n/a	21	35.7444	n/a	n/a	n/a	n/a	n/a	n/a	n/a	n/a	n/a	n/a	18	30	6	0.88095
sub-051	TestBoth	8	show_symmetry	108	lbuttondown	2.511	4	n/a	symm46.jpg	22	35.7444	n/a	n/a	n/a	n/a	n/a	n/a	n/a	FALSE	n/a	n/a	18	30	6	0.88095
sub-051	TestBoth	8	solve_symmetry	109	FALSE	0.672	4	n/a	symm46.jpg	22	35.7444	n/a	n/a	n/a	n/a	n/a	n/a	n/a	FALSE	1	0.86364	18	30	6	0.88095
sub-051	TestBoth	8	show_square	110	0	0.65	4	R2C1	n/a	22	35.7444	n/a	n/a	n/a	n/a	n/a	n/a	n/a	n/a	n/a	n/a	18	30	6	0.88095
sub-051	TestBoth	8	show_symmetry	111	lbuttondown	0.937	4	n/a	symm14.jpg	23	35.7444	n/a	n/a	n/a	n/a	n/a	n/a	n/a	TRUE	n/a	n/a	18	30	6	0.88095
sub-051	TestBoth	8	solve_symmetry	112	TRUE	0.676	4	n/a	symm14.jpg	23	35.7444	n/a	n/a	n/a	n/a	n/a	n/a	n/a	TRUE	1	0.86957	18	30	6	0.88095
sub-051	TestBoth	8	show_square	113	0	0.65	4	R3C3	n/a	23	35.7444	n/a	n/a	n/a	n/a	n/a	n/a	n/a	n/a	n/a	n/a	18	30	6	0.88095
sub-051	TestBoth	8	recall_square	114	R1C2	0.368	4	n/a	n/a	23	35.7444	n/a	n/a	n/a	n/a	n/a	n/a	n/a	n/a	n/a	n/a	18	30	6	0.88095
sub-051	TestBoth	8	recall_square	115	R3C4	0.986	4	n/a	n/a	23	35.7444	n/a	n/a	n/a	n/a	n/a	n/a	n/a	n/a	n/a	n/a	18	30	6	0.88095
sub-051	TestBoth	8	recall_square	116	R2C1	1.114	4	n/a	n/a	23	35.7444	n/a	n/a	n/a	n/a	n/a	n/a	n/a	n/a	n/a	n/a	18	30	6	0.88095
sub-051	TestBoth	8	recall_square	117	R3C2	0.46	4	n/a	n/a	23	35.7444	n/a	n/a	n/a	n/a	n/a	n/a	n/a	n/a	n/a	n/a	18	30	6	0.88095
sub-051	TestBoth	8	recall_square	118	R3C2	0.555	4	n/a	n/a	23	35.7444	n/a	n/a	n/a	n/a	n/a	n/a	n/a	n/a	n/a	n/a	18	30	6	0.88095
sub-051	TestBoth	8	recall_square	119	_	1.401	4	n/a	n/a	23	35.7444	n/a	n/a	n/a	n/a	n/a	n/a	n/a	n/a	n/a	n/a	18	30	6	0.88095
sub-051	TestBoth	8	recall_square	120	R3C2	1.829	4	n/a	n/a	23	35.7444	n/a	n/a	n/a	n/a	n/a	n/a	n/a	n/a	n/a	n/a	18	30	6	0.88095
sub-051	TestBoth	8	recall_square	121	clear	4.665	4	n/a	n/a	23	35.7444	n/a	n/a	n/a	n/a	n/a	n/a	n/a	n/a	n/a	n/a	18	30	6	0.88095
sub-051	TestBoth	8	recall_square	122	R1C2	0.784	4	n/a	n/a	23	35.7444	n/a	n/a	n/a	n/a	n/a	n/a	n/a	n/a	n/a	n/a	18	30	6	0.88095
sub-051	TestBoth	8	recall_square	123	R3C4	0.455	4	n/a	n/a	23	35.7444	n/a	n/a	n/a	n/a	n/a	n/a	n/a	n/a	n/a	n/a	18	30	6	0.88095
sub-051	TestBoth	8	recall_square	124	R2C1	0.585	4	n/a	n/a	23	35.7444	n/a	n/a	n/a	n/a	n/a	n/a	n/a	n/a	n/a	n/a	18	30	6	0.88095
sub-051	TestBoth	8	recall_square	125	R2C3	0.443	4	n/a	n/a	23	35.7444	n/a	n/a	n/a	n/a	n/a	n/a	n/a	n/a	n/a	n/a	18	30	6	0.88095
sub-051	TestBoth	8	recall_square	126	exit	0.894	4	n/a	n/a	23	35.7444	n/a	n/a	n/a	n/a	n/a	n/a	n/a	n/a	n/a	n/a	18	30	6	0.88095
sub-051	TestBoth	8	square_feedback	127	0	1.5	4	n/a	n/a	23	35.7444	R1C2;R3C4;R2C1;R3C3	R1C2;R3C4;R2C1;R2C3	3	0	14	20	5	n/a	n/a	n/a	18	30	6	0.88095
sub-051	TestBoth	8	show_symmetry	129	lbuttondown	1.634	4	n/a	symm28.jpg	24	35.7444	n/a	n/a	n/a	n/a	n/a	n/a	n/a	FALSE	n/a	n/a	18	30	6	0.88095
sub-051	TestBoth	8	solve_symmetry	130	FALSE	0.639	4	n/a	symm28.jpg	24	35.7444	n/a	n/a	n/a	n/a	n/a	n/a	n/a	FALSE	1	0.875	18	30	6	0.88095
sub-051	TestBoth	8	show_square	131	0	0.65	4	R4C4	n/a	24	35.7444	n/a	n/a	n/a	n/a	n/a	n/a	n/a	n/a	n/a	n/a	18	30	6	0.88095
sub-051	TestBoth	8	show_symmetry	132	lbuttondown	1.447	4	n/a	symm06.jpg	25	35.7444	n/a	n/a	n/a	n/a	n/a	n/a	n/a	TRUE	n/a	n/a	18	30	6	0.88095
sub-051	TestBoth	8	solve_symmetry	133	TRUE	0.599	4	n/a	symm06.jpg	25	35.7444	n/a	n/a	n/a	n/a	n/a	n/a	n/a	TRUE	1	0.88	18	30	6	0.88095
sub-051	TestBoth	8	show_square	134	0	0.65	4	R4C3	n/a	25	35.7444	n/a	n/a	n/a	n/a	n/a	n/a	n/a	n/a	n/a	n/a	18	30	6	0.88095
sub-051	TestBoth	8	show_symmetry	135	lbuttondown	2.316	4	n/a	symm25.jpg	26	35.7444	n/a	n/a	n/a	n/a	n/a	n/a	n/a	FALSE	n/a	n/a	18	30	6	0.88095
sub-051	TestBoth	8	solve_symmetry	136	FALSE	0.721	4	n/a	symm25.jpg	26	35.7444	n/a	n/a	n/a	n/a	n/a	n/a	n/a	FALSE	1	0.88462	18	30	6	0.88095
sub-051	TestBoth	8	show_square	137	0	0.65	4	R2C2	n/a	26	35.7444	n/a	n/a	n/a	n/a	n/a	n/a	n/a	n/a	n/a	n/a	18	30	6	0.88095
sub-051	TestBoth	8	show_symmetry	138	lbuttondown	0.422	4	n/a	symm16.jpg	27	35.7444	n/a	n/a	n/a	n/a	n/a	n/a	n/a	TRUE	n/a	n/a	18	30	6	0.88095
sub-051	TestBoth	8	solve_symmetry	139	TRUE	0.795	4	n/a	symm16.jpg	27	35.7444	n/a	n/a	n/a	n/a	n/a	n/a	n/a	TRUE	1	0.88889	18	30	6	0.88095
sub-051	TestBoth	8	show_square	140	0	0.65	4	R3C3	n/a	27	35.7444	n/a	n/a	n/a	n/a	n/a	n/a	n/a	n/a	n/a	n/a	18	30	6	0.88095
sub-051	TestBoth	8	recall_square	141	R4C4	1.539	4	n/a	n/a	27	35.7444	n/a	n/a	n/a	n/a	n/a	n/a	n/a	n/a	n/a	n/a	18	30	6	0.88095
sub-051	TestBoth	8	recall_square	142	R4C3	0.345	4	n/a	n/a	27	35.7444	n/a	n/a	n/a	n/a	n/a	n/a	n/a	n/a	n/a	n/a	18	30	6	0.88095
sub-051	TestBoth	8	recall_square	143	R2C2	0.396	4	n/a	n/a	27	35.7444	n/a	n/a	n/a	n/a	n/a	n/a	n/a	n/a	n/a	n/a	18	30	6	0.88095
sub-051	TestBoth	8	recall_square	144	R3C3	0.402	4	n/a	n/a	27	35.7444	n/a	n/a	n/a	n/a	n/a	n/a	n/a	n/a	n/a	n/a	18	30	6	0.88095
sub-051	TestBoth	8	recall_square	145	exit	0.799	4	n/a	n/a	27	35.7444	n/a	n/a	n/a	n/a	n/a	n/a	n/a	n/a	n/a	n/a	18	30	6	0.88095
sub-051	TestBoth	8	square_feedback	146	0	1.5	4	n/a	n/a	27	35.7444	R4C4;R4C3;R2C2;R3C3	R4C4;R4C3;R2C2;R3C3	4	1	18	24	6	n/a	n/a	n/a	18	30	6	0.88095
sub-051	TestBoth	8	show_symmetry	148	lbuttondown	0.82	5	n/a	symm29.jpg	28	35.7444	n/a	n/a	n/a	n/a	n/a	n/a	n/a	FALSE	n/a	n/a	18	30	6	0.88095
sub-051	TestBoth	8	solve_symmetry	149	FALSE	0.676	5	n/a	symm29.jpg	28	35.7444	n/a	n/a	n/a	n/a	n/a	n/a	n/a	FALSE	1	0.89286	18	30	6	0.88095
sub-051	TestBoth	8	show_square	150	0	0.65	5	R1C2	n/a	28	35.7444	n/a	n/a	n/a	n/a	n/a	n/a	n/a	n/a	n/a	n/a	18	30	6	0.88095
sub-051	TestBoth	8	show_symmetry	151	lbuttondown	3.526	5	n/a	symm34.jpg	29	35.7444	n/a	n/a	n/a	n/a	n/a	n/a	n/a	FALSE	n/a	n/a	18	30	6	0.88095
sub-051	TestBoth	8	solve_symmetry	152	FALSE	0.93	5	n/a	symm34.jpg	29	35.7444	n/a	n/a	n/a	n/a	n/a	n/a	n/a	FALSE	1	0.89655	18	30	6	0.88095
sub-051	TestBoth	8	show_square	153	0	0.65	5	R3C4	n/a	29	35.7444	n/a	n/a	n/a	n/a	n/a	n/a	n/a	n/a	n/a	n/a	18	30	6	0.88095
sub-051	TestBoth	8	show_symmetry	154	lbuttondown	2.019	5	n/a	symm05.jpg	30	35.7444	n/a	n/a	n/a	n/a	n/a	n/a	n/a	TRUE	n/a	n/a	18	30	6	0.88095
sub-051	TestBoth	8	solve_symmetry	155	TRUE	0.571	5	n/a	symm05.jpg	30	35.7444	n/a	n/a	n/a	n/a	n/a	n/a	n/a	TRUE	1	0.9	18	30	6	0.88095
sub-051	TestBoth	8	show_square	156	0	0.65	5	R4C1	n/a	30	35.7444	n/a	n/a	n/a	n/a	n/a	n/a	n/a	n/a	n/a	n/a	18	30	6	0.88095
sub-051	TestBoth	8	show_symmetry	157	lbuttondown	0.998	5	n/a	symm08.jpg	31	35.7444	n/a	n/a	n/a	n/a	n/a	n/a	n/a	TRUE	n/a	n/a	18	30	6	0.88095
sub-051	TestBoth	8	solve_symmetry	158	TRUE	0.493	5	n/a	symm08.jpg	31	35.7444	n/a	n/a	n/a	n/a	n/a	n/a	n/a	TRUE	1	0.90323	18	30	6	0.88095
sub-051	TestBoth	8	show_square	159	0	0.65	5	R4C4	n/a	31	35.7444	n/a	n/a	n/a	n/a	n/a	n/a	n/a	n/a	n/a	n/a	18	30	6	0.88095
sub-051	TestBoth	8	show_symmetry	160	lbuttondown	1.352	5	n/a	symm35.jpg	32	35.7444	n/a	n/a	n/a	n/a	n/a	n/a	n/a	FALSE	n/a	n/a	18	30	6	0.88095
sub-051	TestBoth	8	solve_symmetry	161	FALSE	0.53	5	n/a	symm35.jpg	32	35.7444	n/a	n/a	n/a	n/a	n/a	n/a	n/a	FALSE	1	0.90625	18	30	6	0.88095
sub-051	TestBoth	8	show_square	162	0	0.65	5	R1C3	n/a	32	35.7444	n/a	n/a	n/a	n/a	n/a	n/a	n/a	n/a	n/a	n/a	18	30	6	0.88095
sub-051	TestBoth	8	recall_square	163	R1C1	1.401	5	n/a	n/a	32	35.7444	n/a	n/a	n/a	n/a	n/a	n/a	n/a	n/a	n/a	n/a	18	30	6	0.88095
sub-051	TestBoth	8	recall_square	164	_	2.28	5	n/a	n/a	32	35.7444	n/a	n/a	n/a	n/a	n/a	n/a	n/a	n/a	n/a	n/a	18	30	6	0.88095
sub-051	TestBoth	8	recall_square	165	_	1.358	5	n/a	n/a	32	35.7444	n/a	n/a	n/a	n/a	n/a	n/a	n/a	n/a	n/a	n/a	18	30	6	0.88095
sub-051	TestBoth	8	recall_square	166	clear	1.414	5	n/a	n/a	32	35.7444	n/a	n/a	n/a	n/a	n/a	n/a	n/a	n/a	n/a	n/a	18	30	6	0.88095
sub-051	TestBoth	8	recall_square	167	clear	0.014	5	n/a	n/a	32	35.7444	n/a	n/a	n/a	n/a	n/a	n/a	n/a	n/a	n/a	n/a	18	30	6	0.88095
sub-051	TestBoth	8	recall_square	168	clear	0.022	5	n/a	n/a	32	35.7444	n/a	n/a	n/a	n/a	n/a	n/a	n/a	n/a	n/a	n/a	18	30	6	0.88095
sub-051	TestBoth	8	recall_square	169	R1C2	0.592	5	n/a	n/a	32	35.7444	n/a	n/a	n/a	n/a	n/a	n/a	n/a	n/a	n/a	n/a	18	30	6	0.88095
sub-051	TestBoth	8	recall_square	170	R3C4	1.786	5	n/a	n/a	32	35.7444	n/a	n/a	n/a	n/a	n/a	n/a	n/a	n/a	n/a	n/a	18	30	6	0.88095
sub-051	TestBoth	8	recall_square	171	R4C1	2.024	5	n/a	n/a	32	35.7444	n/a	n/a	n/a	n/a	n/a	n/a	n/a	n/a	n/a	n/a	18	30	6	0.88095
sub-051	TestBoth	8	recall_square	172	R1C4	1.513	5	n/a	n/a	32	35.7444	n/a	n/a	n/a	n/a	n/a	n/a	n/a	n/a	n/a	n/a	18	30	6	0.88095
sub-051	TestBoth	8	recall_square	173	R4C4	0.579	5	n/a	n/a	32	35.7444	n/a	n/a	n/a	n/a	n/a	n/a	n/a	n/a	n/a	n/a	18	30	6	0.88095
sub-051	TestBoth	8	recall_square	174	exit	0.783	5	n/a	n/a	32	35.7444	n/a	n/a	n/a	n/a	n/a	n/a	n/a	n/a	n/a	n/a	18	30	6	0.88095
sub-051	TestBoth	8	square_feedback	175	0	1.5	5	n/a	n/a	32	35.7444	R1C2;R3C4;R4C1;R4C4;R1C3	R1C2;R3C4;R4C1;R1C4;R4C4	3	0	18	27	6	n/a	n/a	n/a	18	30	6	0.88095
sub-051	TestBoth	8	show_symmetry	177	lbuttondown	0.997	5	n/a	symm24.jpg	33	35.7444	n/a	n/a	n/a	n/a	n/a	n/a	n/a	TRUE	n/a	n/a	18	30	6	0.88095
sub-051	TestBoth	8	solve_symmetry	178	TRUE	0.635	5	n/a	symm24.jpg	33	35.7444	n/a	n/a	n/a	n/a	n/a	n/a	n/a	TRUE	1	0.90909	18	30	6	0.88095
sub-051	TestBoth	8	show_square	179	0	0.65	5	R1C2	n/a	33	35.7444	n/a	n/a	n/a	n/a	n/a	n/a	n/a	n/a	n/a	n/a	18	30	6	0.88095
sub-051	TestBoth	8	show_symmetry	180	lbuttondown	1.723	5	n/a	symm39.jpg	34	35.7444	n/a	n/a	n/a	n/a	n/a	n/a	n/a	FALSE	n/a	n/a	18	30	6	0.88095
sub-051	TestBoth	8	solve_symmetry	181	FALSE	0.565	5	n/a	symm39.jpg	34	35.7444	n/a	n/a	n/a	n/a	n/a	n/a	n/a	FALSE	1	0.91176	18	30	6	0.88095
sub-051	TestBoth	8	show_square	182	0	0.65	5	R1C3	n/a	34	35.7444	n/a	n/a	n/a	n/a	n/a	n/a	n/a	n/a	n/a	n/a	18	30	6	0.88095
sub-051	TestBoth	8	show_symmetry	183	lbuttondown	0.773	5	n/a	symm42.jpg	35	35.7444	n/a	n/a	n/a	n/a	n/a	n/a	n/a	FALSE	n/a	n/a	18	30	6	0.88095
sub-051	TestBoth	8	solve_symmetry	184	FALSE	2.669	5	n/a	symm42.jpg	35	35.7444	n/a	n/a	n/a	n/a	n/a	n/a	n/a	FALSE	1	0.91429	18	30	6	0.88095
sub-051	TestBoth	8	show_square	185	0	0.65	5	R3C3	n/a	35	35.7444	n/a	n/a	n/a	n/a	n/a	n/a	n/a	n/a	n/a	n/a	18	30	6	0.88095
sub-051	TestBoth	8	show_symmetry	186	lbuttondown	1.814	5	n/a	symm12.jpg	36	35.7444	n/a	n/a	n/a	n/a	n/a	n/a	n/a	TRUE	n/a	n/a	18	30	6	0.88095
sub-051	TestBoth	8	solve_symmetry	187	FALSE	0.541	5	n/a	symm12.jpg	36	35.7444	n/a	n/a	n/a	n/a	n/a	n/a	n/a	TRUE	0	0.88889	18	30	6	0.88095
sub-051	TestBoth	8	show_square	188	0	0.65	5	R3C1	n/a	36	35.7444	n/a	n/a	n/a	n/a	n/a	n/a	n/a	n/a	n/a	n/a	18	30	6	0.88095
sub-051	TestBoth	8	show_symmetry	189	lbuttondown	3.233	5	n/a	symm10.jpg	37	35.7444	n/a	n/a	n/a	n/a	n/a	n/a	n/a	TRUE	n/a	n/a	18	30	6	0.88095
sub-051	TestBoth	8	solve_symmetry	190	TRUE	0.668	5	n/a	symm10.jpg	37	35.7444	n/a	n/a	n/a	n/a	n/a	n/a	n/a	TRUE	1	0.89189	18	30	6	0.88095
sub-051	TestBoth	8	show_square	191	0	0.65	5	R4C1	n/a	37	35.7444	n/a	n/a	n/a	n/a	n/a	n/a	n/a	n/a	n/a	n/a	18	30	6	0.88095
sub-051	TestBoth	8	recall_square	192	R1C2	1.697	5	n/a	n/a	37	35.7444	n/a	n/a	n/a	n/a	n/a	n/a	n/a	n/a	n/a	n/a	18	30	6	0.88095
sub-051	TestBoth	8	recall_square	193	R1C3	1.746	5	n/a	n/a	37	35.7444	n/a	n/a	n/a	n/a	n/a	n/a	n/a	n/a	n/a	n/a	18	30	6	0.88095
sub-051	TestBoth	8	recall_square	194	R3C4	1.758	5	n/a	n/a	37	35.7444	n/a	n/a	n/a	n/a	n/a	n/a	n/a	n/a	n/a	n/a	18	30	6	0.88095
sub-051	TestBoth	8	recall_square	195	R2C1	5.671	5	n/a	n/a	37	35.7444	n/a	n/a	n/a	n/a	n/a	n/a	n/a	n/a	n/a	n/a	18	30	6	0.88095
sub-051	TestBoth	8	recall_square	196	exit	1.427	5	n/a	n/a	37	35.7444	n/a	n/a	n/a	n/a	n/a	n/a	n/a	n/a	n/a	n/a	18	30	6	0.88095
sub-051	TestBoth	8	square_feedback	197	0	1.5	5	n/a	n/a	37	35.7444	R1C2;R1C3;R3C3;R3C1;R4C1	R1C2;R1C3;R3C4;R2C1	2	0	18	29	6	n/a	n/a	n/a	18	30	6	0.88095
sub-051	TestBoth	8	show_symmetry	199	lbuttondown	0.961	5	n/a	symm30.jpg	38	35.7444	n/a	n/a	n/a	n/a	n/a	n/a	n/a	FALSE	n/a	n/a	18	30	6	0.88095
sub-051	TestBoth	8	solve_symmetry	200	TRUE	0.504	5	n/a	symm30.jpg	38	35.7444	n/a	n/a	n/a	n/a	n/a	n/a	n/a	FALSE	0	0.86842	18	30	6	0.88095
sub-051	TestBoth	8	show_square	201	0	0.65	5	R1C3	n/a	38	35.7444	n/a	n/a	n/a	n/a	n/a	n/a	n/a	n/a	n/a	n/a	18	30	6	0.88095
sub-051	TestBoth	8	show_symmetry	202	lbuttondown	3.502	5	n/a	symm44.jpg	39	35.7444	n/a	n/a	n/a	n/a	n/a	n/a	n/a	FALSE	n/a	n/a	18	30	6	0.88095
sub-051	TestBoth	8	solve_symmetry	203	FALSE	0.598	5	n/a	symm44.jpg	39	35.7444	n/a	n/a	n/a	n/a	n/a	n/a	n/a	FALSE	1	0.87179	18	30	6	0.88095
sub-051	TestBoth	8	show_square	204	0	0.65	5	R3C3	n/a	39	35.7444	n/a	n/a	n/a	n/a	n/a	n/a	n/a	n/a	n/a	n/a	18	30	6	0.88095
sub-051	TestBoth	8	show_symmetry	205	lbuttondown	4.231	5	n/a	symm21.jpg	40	35.7444	n/a	n/a	n/a	n/a	n/a	n/a	n/a	TRUE	n/a	n/a	18	30	6	0.88095
sub-051	TestBoth	8	solve_symmetry	206	TRUE	1.026	5	n/a	symm21.jpg	40	35.7444	n/a	n/a	n/a	n/a	n/a	n/a	n/a	TRUE	1	0.875	18	30	6	0.88095
sub-051	TestBoth	8	show_square	207	0	0.65	5	R4C1	n/a	40	35.7444	n/a	n/a	n/a	n/a	n/a	n/a	n/a	n/a	n/a	n/a	18	30	6	0.88095
sub-051	TestBoth	8	show_symmetry	208	lbuttondown	3.378	5	n/a	symm19.jpg	41	35.7444	n/a	n/a	n/a	n/a	n/a	n/a	n/a	TRUE	n/a	n/a	18	30	6	0.88095
sub-051	TestBoth	8	solve_symmetry	209	TRUE	0.53	5	n/a	symm19.jpg	41	35.7444	n/a	n/a	n/a	n/a	n/a	n/a	n/a	TRUE	1	0.87805	18	30	6	0.88095
sub-051	TestBoth	8	show_square	210	0	0.65	5	R2C4	n/a	41	35.7444	n/a	n/a	n/a	n/a	n/a	n/a	n/a	n/a	n/a	n/a	18	30	6	0.88095
sub-051	TestBoth	8	show_symmetry	211	lbuttondown	0.852	5	n/a	symm20.jpg	42	35.7444	n/a	n/a	n/a	n/a	n/a	n/a	n/a	TRUE	n/a	n/a	18	30	6	0.88095
sub-051	TestBoth	8	solve_symmetry	212	TRUE	0.626	5	n/a	symm20.jpg	42	35.7444	n/a	n/a	n/a	n/a	n/a	n/a	n/a	TRUE	1	0.88095	18	30	6	0.88095
sub-051	TestBoth	8	show_square	213	0	0.65	5	R1C2	n/a	42	35.7444	n/a	n/a	n/a	n/a	n/a	n/a	n/a	n/a	n/a	n/a	18	30	6	0.88095
sub-051	TestBoth	8	recall_square	214	R2C2	0.498	5	n/a	n/a	42	35.7444	n/a	n/a	n/a	n/a	n/a	n/a	n/a	n/a	n/a	n/a	18	30	6	0.88095
sub-051	TestBoth	8	recall_square	215	clear	1.696	5	n/a	n/a	42	35.7444	n/a	n/a	n/a	n/a	n/a	n/a	n/a	n/a	n/a	n/a	18	30	6	0.88095
sub-051	TestBoth	8	recall_square	216	R1C3	1.646	5	n/a	n/a	42	35.7444	n/a	n/a	n/a	n/a	n/a	n/a	n/a	n/a	n/a	n/a	18	30	6	0.88095
sub-051	TestBoth	8	recall_square	217	_	2.035	5	n/a	n/a	42	35.7444	n/a	n/a	n/a	n/a	n/a	n/a	n/a	n/a	n/a	n/a	18	30	6	0.88095
sub-051	TestBoth	8	recall_square	218	R3C4	6.019	5	n/a	n/a	42	35.7444	n/a	n/a	n/a	n/a	n/a	n/a	n/a	n/a	n/a	n/a	18	30	6	0.88095
sub-051	TestBoth	8	recall_square	219	R1C1	1.075	5	n/a	n/a	42	35.7444	n/a	n/a	n/a	n/a	n/a	n/a	n/a	n/a	n/a	n/a	18	30	6	0.88095
sub-051	TestBoth	8	recall_square	220	R4C1	4.077	5	n/a	n/a	42	35.7444	n/a	n/a	n/a	n/a	n/a	n/a	n/a	n/a	n/a	n/a	18	30	6	0.88095
sub-051	TestBoth	8	recall_square	221	exit	1.291	5	n/a	n/a	42	35.7444	n/a	n/a	n/a	n/a	n/a	n/a	n/a	n/a	n/a	n/a	18	30	6	0.88095
sub-051	TestBoth	8	square_feedback	222	0	1.5	5	n/a	n/a	42	35.7444	R1C3;R3C3;R4C1;R2C4;R1C2	R1C3;R3C4;R1C1;R4C1	1	0	18	30	6	n/a	n/a	n/a	18	30	6	0.88095
