participant_id	run	trial_index	set_size	retention_interval	target_angle_deg	reported_angle_deg	target_angle_deg_corrected	reported_angle_deg_corrected	error_deg	abs_error_deg
029	1	1	4	1	348	320	168	140	-28	28
029	1	2	4	1	141	331	141	151	9.99999999999999	9.99999999999999
029	1	3	4	1	238	57	58	57	-1	1
029	1	4	2	1	262	84	82	84	2	2
029	1	5	2	1	198	13	18	13	-5	5
029	1	6	2	1	7	9	7	9	2	2
029	1	7	4	1	292	300	112	120	7.99999999999998	7.99999999999998
029	1	8	2	1	243	60	63	60	-3	3
029	1	9	2	1	19	14	19	14	-5	5
029	1	10	4	1	101	91	101	91	-10	10
029	1	11	4	1	324	327	144	147	2.99999999999999	2.99999999999999
029	1	12	2	1	41	16	41	16	-25	25
029	1	13	2	1	22	32	22	32	10	10
029	1	14	4	1	222	5	42	5	-37	37
029	1	15	2	1	158	1	158	1	23	23
029	1	16	2	1	246	247	66	67	1	1
029	1	17	2	1	88	274	88	94	6.00000000000001	6.00000000000001
029	1	18	4	1	98	67	98	67	-31	31
029	1	19	2	1	166	192	166	12	26	26
029	1	20	4	1	338	151	158	151	-7	7
029	1	21	4	1	66	66	66	66	0	0
029	1	22	4	1	72	143	72	143	71	71
029	1	23	2	1	242	52	62	52	-9.99999999999999	9.99999999999999
029	1	24	2	1	348	171	168	171	2.99999999999999	2.99999999999999
029	1	25	4	1	315	33	135	33	78	78
029	1	26	2	1	348	149	168	149	-19	19
029	1	27	4	1	253	318	73	138	65	65
029	1	28	2	1	119	298	119	118	-0.999999999999991	0.999999999999991
029	1	29	4	1	214	119	34	119	85	85
029	1	30	2	1	262	277	82	97	15	15
029	1	31	2	1	49	48	49	48	-0.999999999999994	0.999999999999994
029	1	32	2	1	274	269	94	89	-5.00000000000001	5.00000000000001
029	1	33	2	1	41	22	41	22	-19	19
029	1	34	2	1	33	44	33	44	11	11
029	1	35	4	1	187	342	7	162	-25	25
029	1	36	4	1	305	306	125	126	0.99999999999999	0.99999999999999
029	1	37	4	1	79	53	79	53	-26	26
029	1	38	4	1	197	62	17	62	45	45
029	1	39	2	1	217	29	37	29	-8	8
029	1	40	2	1	201	17	21	17	-4	4
029	1	41	4	1	166	19	166	19	33	33
029	1	42	2	1	93	271	93	91	-2	2
029	1	43	4	1	276	301	96	121	25	25
029	1	44	4	1	114	318	114	138	24	24
029	1	45	4	1	359	311	179	131	-48	48
029	1	46	4	1	287	116	107	116	9.00000000000001	9.00000000000001
029	1	47	4	1	245	62	65	62	-3	3
029	1	48	4	1	272	87	92	87	-5.00000000000001	5.00000000000001
029	1	49	2	1	92	90	92	90	-2	2
029	1	50	2	1	284	112	104	112	8	8
029	1	51	2	1	270	88	90	88	-2	2
029	1	52	2	1	216	34	36	34	-2	2
029	1	53	4	1	208	23	28	23	-5	5
029	1	54	2	1	55	39	55	39	-16	16
029	1	55	4	1	192	41	12	41	29	29
029	1	56	2	1	299	326	119	146	27	27
029	1	57	4	1	149	330	149	150	1.00000000000001	1.00000000000001
029	1	58	2	1	228	35	48	35	-13	13
029	1	59	4	1	289	46	109	46	-63	63
029	1	60	4	1	288	302	108	122	14	14
