participant_id	block	trial_index	response	correct	rt	total_correct_sum
sub-111	2	2	responsebox1	1	1.696	1
sub-111	2	3	responsebox6	1	3.542	2
sub-111	2	4	responsebox6	1	2.582	3
sub-111	2	5	responsebox5	1	1.71	4
sub-111	2	6	responsebox4	1	3.908	5
sub-111	2	7	responsebox6	1	10.064	6
sub-111	2	8	responsebox1	1	0.844	7
sub-111	2	9	responsebox6	1	4.001	8
sub-111	2	10	responsebox6	1	5.842	9
sub-111	2	11	responsebox4	1	1.628	10
sub-111	2	14	responsebox3	1	2.072	11
sub-111	2	15	responsebox6	1	4.052	12
sub-111	2	16	responsebox2	1	1.189	13
sub-111	2	17	responsebox6	1	3.575	14
sub-111	2	18	responsebox3	1	1.47	15
sub-111	2	19	responsebox3	1	3.56	16
sub-111	2	20	responsebox6	1	3.182	17
sub-111	2	21	responsebox6	1	3.942	18
sub-111	2	22	responsebox6	1	3.09	19
sub-111	2	23	responsebox4	1	2.369	20
sub-111	2	26	responsebox2	1	2.323	21
sub-111	2	27	responsebox6	1	2.511	22
sub-111	2	28	responsebox5	1	2.54	23
sub-111	2	29	responsebox4	0	2.057	23
sub-111	2	30	responsebox4	1	8.078	24
sub-111	2	31	responsebox6	1	8.967	25
sub-111	2	32	responsebox6	1	1.062	26
sub-111	2	33	responsebox3	1	2.146	27
sub-111	2	34	responsebox6	1	2.562	28
sub-111	2	35	responsebox3	1	2.422	29
sub-111	2	38	responsebox5	1	2.422	30
sub-111	2	39	responsebox2	0	1.992	30
sub-111	2	40	responsebox6	1	5.464	31
sub-111	2	41	responsebox6	1	3.107	32
sub-111	2	42	responsebox5	1	1.944	33
sub-111	2	43	responsebox5	1	2.665	34
sub-111	2	44	0	0	2.64	34
