block	set_size	presented_color	presented_color_degree	reported_color	reported_color_degree	non_target_color	non_target_color_degree	target_color_degree
2	4	4.31096325242599	247	4.85201532054424	278	0.71558,3.194,6.161	41,183,353	247
2	6	1.39626340159546	80	1.58824961931484	91	0.069813,5.8294,2.9322,3.5779,4.9742	4,334,168,205,285	80
2	2	2.60054058547155	149	2.47836753783195	142	0.64577	37	149
2	2	5.11381470834339	293	5.09636141582344	292	5.6898	326	293
2	2	4.60766922526503	264	4.62512251778497	265	1.1868	68	264
2	4	4.38077642250577	251	3.75245789178781	215	5.0091,1.0647,5.4978	287,61,315	251
2	6	2.56563400043166	147	5.00909495322373	287	4.9044,1.501,3.3336,5.6374,1.9897	281,86,191,323,114	147
2	2	4.76474885794452	273	4.74729556542458	272	3.0892	177	273
2	4	0.959931088596881	55	1.25663706143592	72	0.034907,1.4137,2.6005	2,81,149	55
2	4	3.47320521146872	199	3.43829862642883	197	1.8675,6.2308,4.9916	107,357,286	199
2	4	6.10865238198015	350	5.53269372882203	317	4.7124,5.2883,1.6755	270,303,96	350
2	6	4.66002910282486	267	3.92699081698724	225	1.5359,1.0821,3.2638,6.0737,2.7227	88,62,187,348,156	267
2	2	3.29867228626928	189	3.42084533390889	196	1.8151	104	189
2	4	4.10152374218667	235	3.82227106186758	219	2.4086,3.2463,0.71558	138,186,41	235
2	4	1.46607657167524	84	1.88495559215388	108	3.2812,3.8223,2.0944	188,219,120	84
2	2	5.14872129338327	295	5.25344104850293	301	1.4312	82	295
2	6	4.59021593274509	263	4.38077642250577	251	0.22689,3.1765,5.1487,2.1118,5.9167	13,182,295,121,339	263
2	4	1.0471975511966	60	0.226892802759263	13	2.6354,1.7279,3.9794	151,99,228	60
2	2	5.93411945678072	340	5.2010811709431	298	0.95993	55	340
2	6	5.35816080362259	307	4.71238898038469	270	4.3633,0.15708,1.8326,3.6128,2.4086	250,9,105,207,138	307
2	2	2.35619449019234	135	2.63544717051144	151	4.5728	262	135
2	6	3.22885911618951	185	2.51327412287183	144	5.6374,1.3439,4.5902,5.2185,3.9619	323,77,263,299,227	185
2	4	6.03883921190038	346	0.0174532925199433	1	4.5553,2.3562,4.0317	261,135,231	346
2	6	4.41568300754565	253	4.24115008234622	243	6.2483,3.927,5.044,2.9322,5.6374	358,225,289,168,323	253
2	6	1.48352986419518	85	1.51843644923507	87	3.9444,4.7997,2.6005,5.2534,0.97738	226,275,149,301,56	85
2	6	0.977384381116825	56	4.97418836818384	285	2.8972,0.47124,3.6128,4.8346,5.4105	166,27,207,277,310	56
2	6	5.91666616426078	339	1.55334303427495	89	0.73304,4.2062,1.309,3.7699,2.4958	42,241,75,216,143	339
2	4	5.93411945678072	340	5.86430628670095	336	2.1118,5.2883,3.9794	121,303,228	340
2	6	0.383972435438752	22	5.28834763354282	303	2.7925,2.0769,1.1868,3.2114,4.7473	160,119,68,184,272	22
2	6	0.645771823237902	37	3.52556508902855	202	4.2062,1.885,5.6723,0.017453,3.4208	241,108,325,1,196	37
2	4	2.37364778271229	136	2.47836753783195	142	5.5851,0.80285,1.7279	320,46,99	136
2	2	1.86750229963393	107	2.2165681500328	127	0.89012	51	107
2	2	1.41371669411541	81	1.2915436464758	74	5.1662	296	81
2	4	3.01941960595019	173	3.24631240870945	186	1.4661,3.5779,5.0615	84,205,290	173
2	6	0.907571211037051	52	0.872664625997165	50	5.9865,2.6529,4.5204,3.7525,1.7802	343,152,259,215,102	52
2	2	5.42797397370236	311	5.74213323906134	329	3.2289	185	311
2	6	6.28318530717959	360	5.67232006898157	325	2.8449,5.4454,4.5728,0.59341,1.5533	163,312,262,34,89	360
2	6	5.04400153826361	289	4.74729556542458	272	2.6529,5.6374,6.2657,3.543,0.66323	152,323,359,203,38	289
2	6	4.29350995990605	246	4.17133691226645	239	6.0039,3.543,0.47124,5.3756,1.2217	344,203,27,308,70	246
2	4	4.9567350756639	284	5.34070751110265	306	3.4558,0.15708,5.9865	198,9,343	284
2	4	1.58824961931484	91	1.0471975511966	60	0.92502,3.8223,2.6529	53,219,152	91
2	6	5.93411945678072	340	0.10471975511966	6	2.4609,2.9845,0.27925,5.4978,1.2392	141,171,16,315,71	340
2	4	4.06661715714679	233	4.04916386462684	232	6.2832,2.5307,3.6128	360,145,207	233
2	2	2.47836753783195	142	2.40855436775217	138	5.8643	336	142
2	4	3.40339204138894	195	3.42084533390889	196	4.5553,5.777,0.57596	261,331,33	195
2	2	5.74213323906134	329	5.61996019142174	322	5.0964	292	329
2	4	1.0471975511966	60	3.56047167406843	204	3.5779,4.2586,0.17453	205,244,10	60
2	2	3.19395253114962	183	3.31612557878923	190	2.3213	133	183
2	2	2.91469985083053	167	2.51327412287183	144	4.2062	241	167
2	6	2.30383461263252	132	1.53588974175501	88	4.0666,3.194,2.7751,4.9567,1.501	233,183,159,284,86	132
2	2	4.62512251778497	265	4.76474885794452	273	3.5954	206	265
2	2	1.34390352403563	77	1.71042266695444	98	4.5379	260	77
2	2	0.523598775598299	30	0.593411945678072	34	3.927	225	30
2	6	2.58308729295161	148	0.174532925199433	10	0.24435,2.0595,5.4803,4.8171,3.4034	14,118,314,276,195	148
2	2	2.2165681500328	127	2.12930168743308	122	1.309	75	127
2	4	5.67232006898157	325	6.19591884457987	355	2.3387,6.2308,1.3963	134,357,80	325
2	4	2.56563400043166	147	2.75762021815104	158	4.9044,2.1293,0.97738	281,122,56	147
2	4	3.31612557878923	190	2.80998009571087	161	6.1436,5.3058,4.7298	352,304,271	190
2	4	1.72787595947439	99	1.91986217719376	110	0.59341,3.8572,2.2166	34,221,127	99
2	2	0.837758040957278	48	0.733038285837618	42	3.1241	179	48
2	4	4.4331363000656	254	3.82227106186758	219	1.8151,3.8048,5.0091	104,218,287	254
2	2	3.36848545634906	193	3.47320521146872	199	0.41888	24	193
2	4	4.01425727958696	230	5.00909495322373	287	2.1991,3.4558,6.0039	126,198,344	230
2	6	4.41568300754565	253	2.0943951023932	120	3.8572,0.38397,2.5656,5.8294,1.2217	221,22,147,334,70	253
2	6	5.63741348394168	323	0.279252680319093	16	2.7053,3.9444,2.234,4.4331,3.5256	155,226,128,254,202	323
2	2	1.32645023151569	76	1.08210413623648	62	0.7854	45	76
2	2	5.70722665402146	327	5.48033385126219	314	3.5605	204	327
2	6	3.36848545634906	193	2.58308729295161	148	2.5482,1.0996,6.0912,4.4331,5.6374	146,63,349,254,323	193
2	4	4.48549617762543	257	4.38077642250577	251	0.59341,2.9845,5.8119	34,171,333	257
2	4	5.37561409614254	308	5.75958653158129	330	1.1868,2.5656,3.2987	68,147,189	308
2	6	4.69493568786475	269	4.74729556542458	272	1.0472,1.5359,2.8274,3.8397,5.4454	60,88,162,220,312	269
2	6	1.30899693899575	75	2.2165681500328	127	0.24435,6.0214,2.3387,3.9619,3.5256	14,345,134,227,202	75
2	2	4.83456202802429	277	4.6774823953448	268	4.1015	235	277
2	2	1.13446401379631	65	1.20427718387609	69	5.9341	340	65
2	6	0.820304748437335	47	0.890117918517108	51	3.7525,2.1991,3.1416,1.6755,0.034907	215,126,180,96,2	47
3	2	0.349065850398866	20	0.15707963267949	9	4.3459	249	20
3	4	1.01229096615671	58	6.05629250442032	347	4.9916,5.9167,1.501	286,339,86	58
3	6	3.45575191894877	198	3.59537825910832	206	6.2832,4.6775,5.3931,0.89012,2.9147	360,268,309,51,167	198
3	6	2.19911485751286	126	2.16420827247297	124	4.7647,1.1519,2.9147,0.19199,5.236	273,66,167,11,300	126
3	2	4.25860337486616	244	4.04916386462684	232	3.3685	193	244
3	2	3.15904594610974	181	3.5081117965086	201	0.75049	43	181
3	6	3.40339204138894	195	3.49065850398866	200	1.5184,0.38397,5.236,0.89012,2.6354	87,22,300,51,151	195
3	6	6.16101225953998	353	4.20624349730633	241	4.3982,3.9619,1.7977,5.1138,2.9845	252,227,103,293,171	353
3	4	1.85004900711399	106	1.43116998663535	82	4.2237,0.017453,1.1519	242,1,66	106
3	4	1.86750229963393	107	0.959931088596881	55	0.36652,4.66,3.8746	21,267,222	107
3	4	3.24631240870945	186	3.36848545634906	193	1.6057,0.92502,2.8274	92,53,162	186
3	2	4.0317105721069	231	3.83972435438753	220	4.9742	285	231
3	4	5.67232006898157	325	5.6025068989018	321	6.2832,3.5256,0.5236	360,202,30	325
3	4	0.837758040957278	48	0.994837673636768	57	2.234,1.7628,2.8623	128,101,164	48
3	4	0.890117918517108	51	1.62315620435473	93	1.7453,5.4978,5.9516	100,315,341	51
3	2	0.0872664625997165	5	0.244346095279206	14	3.6128	207	5
3	6	1.23918376891597	71	0.872664625997165	50	2.5307,3.927,5.9865,0.69813,4.3982	145,225,343,40,252	71
3	4	2.87979326579064	165	2.61799387799149	150	6.1785,4.5204,3.6477	354,259,209	165
3	2	5.53269372882203	317	5.44542726622231	312	1.693	97	317
3	2	5.02654824574367	288	4.34586983746588	249	4.0841	234	288
3	6	0.453785605518526	26	5.28834763354282	303	2.5133,3.2987,1.6232,0.89012,5.5676	144,189,93,51,319	26
3	6	1.0471975511966	60	1.98967534727354	114	6.0737,2.1118,0.20944,4.9567,2.9845	348,121,12,284,171	60
3	4	3.14159265358979	180	3.385938748869	194	4.5029,3.5954,5.4454	258,206,312	180
3	4	1.65806278939461	95	1.51843644923507	87	4.2586,4.7473,0.64577	244,272,37	95
3	6	5.63741348394168	323	5.34070751110265	306	4.2237,2.4086,6.1261,1.6232,0.31416	242,138,351,93,18	323
3	2	3.19395253114962	183	3.40339204138894	195	2.0595	118	183
3	6	3.49065850398866	200	2.8623399732707	164	1.117,1.693,4.1888,5.1138,0.57596	64,97,240,293,33	200
3	2	5.846852994181	335	5.96902604182061	342	3.8223	219	335
3	4	0.925024503556995	53	0.907571211037051	52	5.2709,3.8048,6.0912	302,218,349	53
3	4	4.6774823953448	268	4.01425727958696	230	3.002,2.1293,5.3058	172,122,304	268
3	4	3.47320521146872	199	3.45575191894877	198	0.15708,2.6005,0.97738	9,149,56	199
3	2	6.26573201465964	359	0.15707963267949	9	3.8921	223	359
3	4	5.6025068989018	321	4.66002910282486	267	3.3685,2.0595,4.5553	193,118,261	321
3	6	2.68780704807127	154	6.09119908946021	349	5.3233,3.735,1.1694,0.43633,4.8695	305,214,67,25,279	154
3	6	0.436332312998582	25	1.15191730631626	66	1.85,1.3788,4.3982,5.7945,3.002	106,79,252,332,172	25
3	2	2.23402144255274	128	2.18166156499291	125	0.41888	24	128
3	6	2.94960643587042	169	2.72271363311115	156	5.8294,1.2043,3.4732,5.3233,2.2166	334,69,199,305,127	169
3	6	3.73500459926787	214	3.47320521146872	199	2.618,4.6426,1.6581,5.2534,5.7596	150,266,95,301,330	214
3	2	4.64257581030492	266	4.17133691226645	239	5.4803	314	266
3	4	3.12413936106985	179	3.22885911618951	185	1.8675,1.0472,2.4784	107,60,142	179
3	4	3.28121899374934	188	3.45575191894877	198	2.5482,1.5359,5.2534	146,88,301	188
3	2	3.40339204138894	195	3.36848545634906	193	2.9322	168	195
3	4	5.61996019142174	322	5.39306738866248	309	2.0595,3.2812,3.8921	118,188,223	322
3	6	5.09636141582344	292	4.06661715714679	233	5.7945,2.3736,0.10472,2.9845,1.1694	332,136,6,171,67	292
3	6	1.27409035395586	73	3.96189740202713	227	2.6704,0.75049,5.777,4.3633,1.7104	153,43,331,250,98	73
3	2	2.39110107523223	137	2.54818070791172	146	5.5501	318	137
3	6	5.75958653158129	330	5.61996019142174	322	0.99484,4.2935,4.7298,0.34907,2.0944	57,246,271,20,120	330
3	4	0.733038285837618	42	0.523598775598299	30	3.2114,1.6755,5.0789	184,96,291	42
3	4	4.6774823953448	268	4.9567350756639	284	3.5779,2.618,2.0071	205,150,115	268
3	2	0.122173047639603	7	0.191986217719376	11	5.7945	332	7
3	4	5.53269372882203	317	5.67232006898157	325	3.9444,2.234,4.5204	226,128,259	317
3	6	4.69493568786475	269	3.82227106186758	219	5.4978,2.7751,6.1785,3.5779,1.1694	315,159,354,205,67	269
3	2	5.04400153826361	289	5.39306738866248	309	5.7247	328	289
3	2	4.52040276266531	259	4.41568300754565	253	6.1785	354	259
3	2	2.49582083035189	143	2.77507351067098	159	3.2463	186	143
3	6	1.0471975511966	60	0.645771823237902	37	4.0492,4.6949,0.45379,5.6549,3.4558	232,269,26,324,198	60
3	2	5.95157274930066	341	5.82939970166106	334	0.10472	6	341
3	6	1.98967534727354	114	1.62315620435473	93	3.8048,5.236,4.6775,4.2586,2.7402	218,300,268,244,157	114
3	4	4.11897703470662	236	4.1538836197465	238	6.1087,1.9897,5.6374	350,114,323	236
3	6	2.44346095279206	140	2.72271363311115	156	5.6723,0.7854,3.2812,6.2832,1.5708	325,45,188,360,90	140
3	6	1.32645023151569	76	0.541052068118242	31	4.3284,1.8326,5.2534,2.7751,6.2308	248,105,301,159,357	76
3	2	5.48033385126219	314	5.74213323906134	329	0.2618	15	314
3	2	1.93731546971371	111	2.12930168743308	122	2.9322	168	111
3	6	0.541052068118242	31	0.401425727958696	23	2.7925,4.1713,5.3931,4.7997,1.5359	160,239,309,275,88	31
3	6	3.47320521146872	199	3.21140582366957	184	2.6704,6.1087,4.6949,5.2011,2.042	153,350,269,298,117	199
3	6	4.62512251778497	265	4.08407044966673	234	1.2566,1.8326,5.3233,3.3859,6.0737	72,105,305,194,348	265
3	4	0.15707963267949	9	0.10471975511966	6	4.6775,3.7874,1.9199	268,217,110	9
3	4	4.99164166070378	286	4.69493568786475	269	4.1539,0.97738,0.31416	238,56,18	286
3	4	4.83456202802429	277	0.541052068118242	31	1.2741,5.7596,3.5954	73,330,206	277
3	2	4.93928178314395	283	5.09636141582344	292	1.0123	58	283
3	2	1.58824961931484	91	1.58824961931484	91	3.2114	184	91
3	6	2.47836753783195	142	2.60054058547155	149	4.8695,3.4208,4.0492,5.4978,0.99484	279,196,232,315,57	142
3	2	0.331612557878923	19	0.0349065850398866	2	3.8397	220	19
3	2	3.45575191894877	198	3.35103216382911	192	0.71558	41	198
3	4	0.383972435438752	22	6.05629250442032	347	4.468,3.7699,5.5851	256,216,320	22
4	4	0.750491578357562	43	0.872664625997165	50	5.3582,3.8397,2.5133	307,220,144	43
4	4	0.715584993317675	41	5.18362787842316	297	4.7647,2.1468,5.9167	273,123,339	41
4	4	0.610865238198015	35	2.80998009571087	161	2.1642,5.0964,5.9516	124,292,341	35
4	4	2.56563400043166	147	2.460914245312	141	4.8346,5.4105,0.87266	277,310,50	147
4	6	4.99164166070378	286	3.10668606854991	178	2.7053,0.034907,4.2761,5.7596,1.6057	155,2,245,330,92	286
4	4	6.00393262686049	344	0.506145483078356	29	0.2618,1.5184,4.0841	15,87,234	344
4	4	4.72984227290463	271	5.49778714378214	315	0.75049,3.4383,5.9516	43,197,341	271
4	6	3.33357887130917	191	3.08923277602996	177	1.9199,5.3756,0.94248,3.7874,6.1087	110,308,54,217,350	191
4	4	6.07374579694027	348	0.174532925199433	10	3.3161,2.042,5.5152	190,117,316	348
4	4	3.5081117965086	201	3.19395253114962	183	4.7822,4.1713,1.3439	274,239,77	201
4	4	1.0471975511966	60	6.14355896702004	352	1.501,2.7053,5.4978	86,155,315	60
4	4	1.09955742875643	63	0.471238898038469	27	4.468,3.4558,1.5708	256,198,90	63
4	4	3.12413936106985	179	3.2637657012294	187	6.2832,1.7628,5.0091	360,101,287	179
4	2	5.96902604182061	342	5.88175957922089	337	0.10472	6	342
4	2	0.296705972839036	17	0.0698131700797732	4	3.4034	195	17
4	4	2.16420827247297	124	2.05948851735331	118	2.7053,0.36652,6.1436	155,21,352	124
4	2	3.59537825910832	206	3.49065850398866	200	4.7124	270	206
4	6	1.64060949687467	94	1.60570291183478	92	4.5204,5.9167,2.6529,1.0647,5.1836	259,339,152,61,297	94
4	6	5.65486677646163	324	0.331612557878923	19	0.8203,3.6477,0.15708,1.5882,2.4435	47,209,9,91,140	324
4	4	0.331612557878923	19	5.42797397370236	311	1.9548,3.9968,1.0123	112,229,58	19
4	4	3.64773813666815	209	3.54301838154849	203	3.0892,6.1261,0.57596	177,351,33	209
4	2	4.52040276266531	259	4.46804288510548	256	5.62	322	259
4	6	3.08923277602996	177	2.51327412287183	144	1.4312,3.5779,6.1785,4.1539,2.1991	82,205,354,238,126	177
4	4	0.349065850398866	20	0.331612557878923	19	3.2463,4.1539,1.7279	186,238,99	20
4	6	0.366519142918809	21	0.575958653158129	33	6.1959,2.3736,5.5152,1.7628,3.9968	355,136,316,101,229	21
4	2	5.51524043630208	316	0.15707963267949	9	4.6949	269	316
4	4	0.349065850398866	20	5.21853446346305	299	1.8326,2.4609,4.1015	105,141,235	20
4	6	1.65806278939461	95	1.83259571459405	105	3.8921,4.9916,5.6025,3.2638,4.5728	223,286,321,187,262	95
4	2	0.453785605518526	26	0.279252680319093	16	2.3562	135	26
4	2	5.82939970166106	334	5.67232006898157	325	1.3265	76	334
4	2	3.59537825910832	206	2.87979326579064	165	2.3387	134	206
4	6	5.11381470834339	293	5.39306738866248	309	0.97738,5.8643,1.7977,3.9968,4.5728	56,336,103,229,262	293
4	6	0.575958653158129	33	0.820304748437335	47	5.9341,4.5728,4.1539,5.4629,1.6581	340,262,238,313,95	33
4	2	3.59537825910832	206	3.80481776934764	218	2.234	128	206
4	6	0.925024503556995	53	4.31096325242599	247	2.81,3.3336,1.4835,4.2761,5.7247	161,191,85,245,328	53
4	2	2.68780704807127	154	2.80998009571087	161	3.2463	186	154
4	4	1.91986217719376	110	2.47836753783195	142	2.3562,5.7421,4.4157	135,329,253	110
4	4	3.03687289847013	174	3.49065850398866	200	4.0317,0.41888,5.8643	231,24,336	174
4	6	1.23918376891597	71	1.08210413623648	62	0.76794,5.969,2.7576,1.8326,5.1313	44,342,158,105,294	71
4	2	0.872664625997165	50	0.959931088596881	55	1.7279	99	50
4	4	0.558505360638185	32	0.20943951023932	12	1.4137,6.1959,3.0892	81,355,177	32
4	2	0.680678408277788	39	0.785398163397448	45	1.2741	73	39
4	6	4.90437519810407	281	4.9567350756639	284	5.8119,3.194,0.29671,2.3911,1.2043	333,183,17,137,69	281
4	6	4.45058959258554	255	3.54301838154849	203	0.05236,1.309,1.7279,5.7421,2.6529	3,75,99,329,152	255
4	4	2.40855436775217	138	5.88175957922089	337	1.7977,3.7874,5.9516	103,217,341	138
4	2	5.95157274930066	341	6.16101225953998	353	3.1241	179	341
4	2	5.82939970166106	334	5.41052068118242	310	4.9393	283	334
4	4	4.52040276266531	259	4.50294947014537	258	0.20944,5.62,4.0841	12,322,234	259
4	6	1.88495559215388	108	1.85004900711399	106	4.6949,3.7001,2.4784,1.3963,5.3233	269,212,142,80,305	108
4	6	5.65486677646163	324	0.191986217719376	11	4.2935,5.0265,0.48869,1.0123,3.8048	246,288,28,58,218	324
4	2	3.97935069454707	228	3.7873644768277	217	1.4661	84	228
4	6	4.17133691226645	239	4.64257581030492	266	1.4137,2.4958,4.7647,3.3161,0.75049	81,143,273,190,43	239
4	2	6.09119908946021	349	5.846852994181	335	0.55851	32	349
4	4	0.314159265358979	18	5.89921287174083	338	2.1293,5.6025,1.3963	122,321,80	18
4	2	5.86430628670095	336	5.49778714378214	315	0.75049	43	336
4	2	2.40855436775217	138	2.53072741539178	145	3.7176	213	138
4	2	0.890117918517108	51	0.541052068118242	31	4.119	236	51
4	6	2.79252680319093	160	0.226892802759263	13	4.8346,0.15708,2.1817,1.0996,3.3161	277,9,125,63,190	160
4	6	2.54818070791172	146	2.77507351067098	159	5.7421,1.0123,5.2883,4.1539,4.8695	329,58,303,238,279	146
4	6	1.95476876223365	112	2.00712863979348	115	3.4558,1.0647,0.087266,5.3058,2.5831	198,61,5,304,148	112
4	6	1.86750229963393	107	2.05948851735331	118	3.4732,6.1261,2.7402,0.29671,0.85521	199,351,157,17,49	107
4	2	4.72984227290463	271	4.72984227290463	271	0.47124	27	271
4	2	6.17846555205993	354	5.77703982410123	331	2.4435	140	354
4	2	0.331612557878923	19	0.122173047639603	7	2.4609	141	19
4	4	0.279252680319093	16	1.6929693744345	97	1.7453,0.80285,3.8397	100,46,220	16
4	2	4.4331363000656	254	4.69493568786475	269	5.0789	291	254
4	2	4.25860337486616	244	4.38077642250577	251	4.9567	284	244
4	6	0.226892802759263	13	5.98647933434055	343	5.8818,0.75049,4.9393,1.9199,3.8921	337,43,283,110,223	13
4	4	5.68977336150151	326	0.366519142918809	21	1.885,3.8048,1.2043	108,218,69	326
4	6	1.83259571459405	105	2.26892802759263	130	1.2392,3.8572,4.7647,5.1836,0.087266	71,221,273,297,5	105
4	6	4.04916386462684	232	3.94444410950718	226	3.5081,3.0369,0.61087,4.5728,1.3614	201,174,35,262,78	232
4	4	6.26573201465964	359	0.488692190558412	28	5.1662,3.351,3.8746	296,192,222	359
4	6	1.06465084371654	61	2.49582083035189	143	3.9619,5.2883,0.62832,3.1067,4.6251	227,303,36,178,265	61
4	2	0.0349065850398866	2	0.0523598775598299	3	1.1694	67	2
4	6	4.57276264022514	262	4.6774823953448	268	1.3788,2.6005,3.0369,5.7247,0.71558	79,149,174,328,41	262
