name	x	y	z	type	material
FP1	4.509	84.753	-109.196	ring	Ag/AgCl
REF	7.602	72.714	-80.464	ring	Ag/AgCl
AF7	-2.003	85.718	-135.928	ring	Ag/AgCl
AF3	-14.765	88.27	-104.936	ring	Ag/AgCl
GROUND	-18.186	78.388	-75.976	ring	Ag/AgCl
F7	-16.542	78.652	-160.054	ring	Ag/AgCl
F5	-25.06	87.232	-141.177	ring	Ag/AgCl
F3	-36.03	88.379	-125.391	ring	Ag/AgCl
F1	-45.448	85.957	-101.245	ring	Ag/AgCl
FZ	-49.545	76.145	-81.981	ring	Ag/AgCl
FT7	-29.595	65.754	-178.927	ring	Ag/AgCl
FC5	-47.374	80.009	-163.289	ring	Ag/AgCl
FC3	-64.222	87.069	-139.154	ring	Ag/AgCl
FC1	-76.69	84.648	-110.61	ring	Ag/AgCl
FCZ	-83.765	64.98	-84.306	ring	Ag/AgCl
T7	-56.107	53.221	-192.298	ring	Ag/AgCl
C5	-74.949	69.07	-176.032	ring	Ag/AgCl
C3	-90.814	75.39	-152.948	ring	Ag/AgCl
C1	-103.952	71.366	-127.265	ring	Ag/AgCl
CZ	-110.077	52.473	-93.293	ring	Ag/AgCl
TP7	-71.563	35.266	-202.162	ring	Ag/AgCl
CP5	-92.63	50.099	-184.496	ring	Ag/AgCl
CP3	-108.819	55.842	-163.648	ring	Ag/AgCl
CP1	-120.185	52.06	-135.491	ring	Ag/AgCl
CPZ	-122.496	36.872	-108.899	ring	Ag/AgCl
TP9	-53.908	13.909	-215.107	ring	Ag/AgCl
P7	-89.642	16.097	-201.434	ring	Ag/AgCl
P5	-108.045	26.271	-187.094	ring	Ag/AgCl
P3	-118.681	30.671	-171.172	ring	Ag/AgCl
P1	-125.951	27.906	-147.96	ring	Ag/AgCl
PZ	-127.952	16.321	-128.474	ring	Ag/AgCl
PO7	-100.004	2.392	-196.752	ring	Ag/AgCl
PO3	-120.937	5.84	-175.876	ring	Ag/AgCl
POZ	-126.611	-9.59	-148.82	ring	Ag/AgCl
O1	-111.989	-13.63	-186.107	ring	Ag/AgCl
OZ	-114.201	-29.218	-166.518	ring	Ag/AgCl
IZ	-94.009	-43.225	-175.984	ring	Ag/AgCl
FP2	5.822	51.498	-62.224	ring	Ag/AgCl
AF4	-12.847	56.912	-60.314	ring	Ag/AgCl
AF8	-0.203	26.339	-54.437	ring	Ag/AgCl
F2	-45.791	64.146	-65.346	ring	Ag/AgCl
F4	-39.357	42.47	-53.186	ring	Ag/AgCl
F6	-27.893	22.558	-51.552	ring	Ag/AgCl
F8	-16.519	2.174	-52.85	ring	Ag/AgCl
FC2	-76.983	56.257	-66.267	ring	Ag/AgCl
FC4	-66.058	29.218	-54.112	ring	Ag/AgCl
FC6	-49.464	5.204	-54.353	ring	Ag/AgCl
FT8	-31.786	-16.89	-64.815	ring	Ag/AgCl
C2	-103.665	38.499	-74.125	ring	Ag/AgCl
C4	-90.305	11.979	-63.857	ring	Ag/AgCl
C6	-71.46	-8.746	-63.709	ring	Ag/AgCl
T8	-52.853	-30.637	-72.276	ring	Ag/AgCl
CP2	-118.716	19.327	-92.161	ring	Ag/AgCl
CP4	-106.814	-3.585	-82.798	ring	Ag/AgCl
CP6	-88.37	-24.234	-81.337	ring	Ag/AgCl
TP8	-69.533	-43.108	-90.269	ring	Ag/AgCl
P2	-124.293	-0.134	-111.526	ring	Ag/AgCl
P4	-112.895	-20.588	-105.933	ring	Ag/AgCl
P6	-102.256	-30.095	-100.758	ring	Ag/AgCl
P8	-86.44	-48.887	-102.995	ring	Ag/AgCl
TP10	-55.586	-60.993	-103.292	ring	Ag/AgCl
PO4	-118.257	-27.261	-130.928	ring	Ag/AgCl
PO8	-98.004	-46.816	-127.514	ring	Ag/AgCl
O2	-108.233	-40.2	-145.097	ring	Ag/AgCl
