participant_id	trial_index	set_size	change_present	response	correct	rt	Stim_color_1	Stim_color_2	Stim_color_3	Stim_color_4	Stim_color_5	Stim_color_6	Probe_color_1	Probe_color_2	Probe_color_3	Probe_color_4	Probe_color_5	Probe_color_6
sub-083	1	6	0	0	1	1.0207	White	Blue	Black	Green	Red	Purple	White	Blue	Black	Green	Red	Purple
sub-083	2	6	1	0	0	1.0657	White	Purple	Cyan	Black	Blue	Green	White	Purple	Yellow	Black	Blue	Green
sub-083	3	4	0	0	1	1.1226	White	Red	Black	Green	n/a	n/a	White	Red	Black	Green	n/a	n/a
sub-083	4	2	0	0	1	0.8201	Blue	Purple	n/a	n/a	n/a	n/a	Blue	Purple	n/a	n/a	n/a	n/a
sub-083	5	6	1	1	1	0.65359	White	Purple	Black	Cyan	Yellow	Red	White	Purple	Black	Blue	Yellow	Red
sub-083	6	4	1	1	1	0.45357	Green	Purple	Black	Cyan	n/a	n/a	Green	Yellow	Black	Cyan	n/a	n/a
sub-083	7	4	1	0	0	0.69979	Red	Purple	Yellow	White	n/a	n/a	Red	Purple	Yellow	Black	n/a	n/a
sub-083	8	6	1	1	1	0.6122	Yellow	Purple	Green	White	Blue	Black	Cyan	Purple	Green	White	Blue	Black
sub-083	9	2	0	0	1	0.5352	White	Purple	n/a	n/a	n/a	n/a	White	Purple	n/a	n/a	n/a	n/a
sub-083	10	4	0	0	1	0.85075	Green	Black	Purple	Red	n/a	n/a	Green	Black	Purple	Red	n/a	n/a
sub-083	11	2	1	1	1	0.67734	Yellow	White	n/a	n/a	n/a	n/a	Yellow	Red	n/a	n/a	n/a	n/a
sub-083	12	6	1	1	1	0.91665	Yellow	Green	Blue	Red	Purple	Cyan	Yellow	Green	Blue	Red	White	Cyan
sub-083	13	4	1	1	1	0.59434	Green	Cyan	White	Yellow	n/a	n/a	Green	Red	White	Yellow	n/a	n/a
sub-083	14	4	0	0	1	0.4739	Green	Yellow	Black	Cyan	n/a	n/a	Green	Yellow	Black	Cyan	n/a	n/a
sub-083	15	4	0	0	1	0.92533	Purple	Blue	Yellow	Cyan	n/a	n/a	Purple	Blue	Yellow	Cyan	n/a	n/a
sub-083	16	2	0	0	1	0.46254	Red	Blue	n/a	n/a	n/a	n/a	Red	Blue	n/a	n/a	n/a	n/a
sub-083	17	2	0	0	1	0.41131	Red	White	n/a	n/a	n/a	n/a	Red	White	n/a	n/a	n/a	n/a
sub-083	18	2	0	0	1	0.56561	Blue	Cyan	n/a	n/a	n/a	n/a	Blue	Cyan	n/a	n/a	n/a	n/a
sub-083	19	2	1	1	1	0.4639	White	Blue	n/a	n/a	n/a	n/a	Red	Blue	n/a	n/a	n/a	n/a
sub-083	20	6	1	1	1	0.67302	Purple	Black	Blue	Green	Cyan	White	Red	Black	Blue	Green	Cyan	White
sub-083	21	4	0	0	1	0.57319	White	Green	Cyan	Red	n/a	n/a	White	Green	Cyan	Red	n/a	n/a
sub-083	22	2	1	1	1	0.6171	Cyan	Purple	n/a	n/a	n/a	n/a	Cyan	Green	n/a	n/a	n/a	n/a
sub-083	23	6	1	0	0	0.98923	Black	Purple	White	Green	Cyan	Yellow	Red	Purple	White	Green	Cyan	Yellow
sub-083	24	4	1	1	1	0.50819	Green	Blue	White	Black	n/a	n/a	Green	Yellow	White	Black	n/a	n/a
sub-083	25	6	0	0	1	0.73545	Blue	Purple	Black	Red	Cyan	Yellow	Blue	Purple	Black	Red	Cyan	Yellow
sub-083	26	2	1	1	1	0.52317	Red	Yellow	n/a	n/a	n/a	n/a	Cyan	Yellow	n/a	n/a	n/a	n/a
sub-083	27	6	0	0	1	0.98594	Black	Green	White	Blue	Purple	Red	Black	Green	White	Blue	Purple	Red
sub-083	28	2	1	1	1	0.45563	Green	Purple	n/a	n/a	n/a	n/a	Black	Purple	n/a	n/a	n/a	n/a
sub-083	29	6	0	0	1	0.58771	Red	Green	Yellow	Cyan	Black	Blue	Red	Green	Yellow	Cyan	Black	Blue
sub-083	30	2	1	1	1	0.41783	Blue	Purple	n/a	n/a	n/a	n/a	Blue	Cyan	n/a	n/a	n/a	n/a
sub-083	31	6	1	1	1	0.97641	Blue	Purple	Yellow	Green	White	Black	Blue	Purple	Yellow	Cyan	White	Black
sub-083	32	4	1	1	1	0.64196	Blue	Yellow	Red	Purple	n/a	n/a	Blue	Green	Red	Purple	n/a	n/a
sub-083	33	6	0	0	1	0.60659	Cyan	White	Green	Black	Blue	Purple	Cyan	White	Green	Black	Blue	Purple
sub-083	34	4	0	0	1	0.51712	Green	White	Purple	Yellow	n/a	n/a	Green	White	Purple	Yellow	n/a	n/a
sub-083	35	2	1	1	1	0.4269	Blue	Yellow	n/a	n/a	n/a	n/a	Purple	Yellow	n/a	n/a	n/a	n/a
sub-083	36	4	1	1	1	0.61327	Red	White	Black	Cyan	n/a	n/a	Red	Green	Black	Cyan	n/a	n/a
sub-083	37	6	0	0	1	0.62129	Red	White	Black	Green	Yellow	Cyan	Red	White	Black	Green	Yellow	Cyan
sub-083	38	2	0	0	1	0.42339	Red	Cyan	n/a	n/a	n/a	n/a	Red	Cyan	n/a	n/a	n/a	n/a
sub-083	39	4	0	0	1	0.85274	Black	Red	Purple	Green	n/a	n/a	Black	Red	Purple	Green	n/a	n/a
sub-083	40	2	0	0	1	0.57489	Green	Cyan	n/a	n/a	n/a	n/a	Green	Cyan	n/a	n/a	n/a	n/a
sub-083	41	6	0	0	1	0.97235	Purple	Green	Yellow	Black	Blue	Red	Purple	Green	Yellow	Black	Blue	Red
sub-083	42	4	1	0	0	0.54495	Purple	White	Blue	Green	n/a	n/a	Purple	White	Blue	Cyan	n/a	n/a
