onset	duration	sample	trial_type	value	set_size	marker_status
4.8196	0	4821	memory_array_onset	41	4	planned_task_marker
5.3435	0	5345	retention_interval_onset	42	4	planned_task_marker
6.3688	0	6370	response_screen_onset	43	4	planned_task_marker
8.3319	0	8333	participant_response	40	4	planned_task_marker
9.8868	0	9888	memory_array_onset	61	6	planned_task_marker
10.3902	0	10391	retention_interval_onset	62	6	planned_task_marker
11.3973	0	11398	response_screen_onset	63	6	planned_task_marker
13.9079	0	13909	participant_response	60	6	planned_task_marker
15.4575	0	15459	memory_array_onset	21	2	planned_task_marker
15.9608	0	15962	retention_interval_onset	22	2	planned_task_marker
16.9664	0	16967	response_screen_onset	23	2	planned_task_marker
20.7881	0	20789	participant_response	20	2	planned_task_marker
22.3368	0	22338	memory_array_onset	41	4	planned_task_marker
22.8403	0	22841	retention_interval_onset	42	4	planned_task_marker
23.8437	0	23845	response_screen_onset	43	4	planned_task_marker
26.2282	0	26229	participant_response	40	4	planned_task_marker
27.7733	0	27774	memory_array_onset	21	2	planned_task_marker
28.2767	0	28278	retention_interval_onset	22	2	planned_task_marker
29.2824	0	29283	response_screen_onset	23	2	planned_task_marker
34.6763	0	34677	participant_response	20	2	planned_task_marker
36.2299	0	36231	memory_array_onset	41	4	planned_task_marker
36.7333	0	36734	retention_interval_onset	42	4	planned_task_marker
37.7355	0	37737	response_screen_onset	43	4	planned_task_marker
41.2685	0	41270	participant_response	40	4	planned_task_marker
42.8241	0	42825	memory_array_onset	61	6	planned_task_marker
43.3275	0	43329	retention_interval_onset	62	6	planned_task_marker
44.3324	0	44333	response_screen_onset	63	6	planned_task_marker
48.1245	0	48126	participant_response	60	6	planned_task_marker
49.67	0	49671	memory_array_onset	61	6	planned_task_marker
50.1733	0	50174	retention_interval_onset	62	6	planned_task_marker
51.1748	0	51176	response_screen_onset	63	6	planned_task_marker
54.2527	0	54254	participant_response	60	6	planned_task_marker
55.8111	0	55812	memory_array_onset	61	6	planned_task_marker
56.3145	0	56316	retention_interval_onset	62	6	planned_task_marker
57.3156	0	57317	response_screen_onset	63	6	planned_task_marker
61.4925	0	61494	participant_response	608	6	nonstandard_raw_marker
62.9925	0	62994	memory_array_onset	61	6	planned_task_marker
63.496	0	63497	retention_interval_onset	62	6	planned_task_marker
64.4978	0	64499	response_screen_onset	63	6	planned_task_marker
67.6289	0	67630	participant_response	60	6	planned_task_marker
69.184	0	69185	memory_array_onset	21	2	planned_task_marker
69.6874	0	69688	retention_interval_onset	22	2	planned_task_marker
70.689	0	70690	response_screen_onset	23	2	planned_task_marker
73.0451	0	73046	participant_response	20	2	planned_task_marker
74.6036	0	74605	memory_array_onset	21	2	planned_task_marker
75.1071	0	75108	retention_interval_onset	22	2	planned_task_marker
76.1087	0	76110	response_screen_onset	23	2	planned_task_marker
82.7652	0	82766	participant_response	20	2	planned_task_marker
84.3187	0	84320	memory_array_onset	61	6	planned_task_marker
84.8221	0	84823	retention_interval_onset	62	6	planned_task_marker
85.8221	0	85823	response_screen_onset	638	6	nonstandard_raw_marker
90.5653	0	90566	participant_response	60	6	planned_task_marker
92.121	0	92122	memory_array_onset	41	4	planned_task_marker
92.6244	0	92625	retention_interval_onset	42	4	planned_task_marker
93.626	0	93627	response_screen_onset	43	4	planned_task_marker
96.9814	0	96982	participant_response	40	4	planned_task_marker
98.5306	0	98532	memory_array_onset	41	4	planned_task_marker
99.034	0	99035	retention_interval_onset	42	4	planned_task_marker
100.034	0	100035	response_screen_onset	438	4	nonstandard_raw_marker
103.6936	0	103695	participant_response	40	4	planned_task_marker
105.2422	0	105243	memory_array_onset	21	2	planned_task_marker
105.7457	0	105747	retention_interval_onset	22	2	planned_task_marker
106.7473	0	106748	response_screen_onset	23	2	planned_task_marker
109.3496	0	109351	participant_response	20	2	planned_task_marker
110.8968	0	110898	memory_array_onset	61	6	planned_task_marker
111.4002	0	111401	retention_interval_onset	62	6	planned_task_marker
112.4017	0	112403	response_screen_onset	63	6	planned_task_marker
114.8777	0	114879	participant_response	60	6	planned_task_marker
116.4339	0	116435	memory_array_onset	61	6	planned_task_marker
116.9373	0	116938	retention_interval_onset	62	6	planned_task_marker
117.9394	0	117940	response_screen_onset	63	6	planned_task_marker
120.7338	0	120735	participant_response	60	6	planned_task_marker
122.2898	0	122291	memory_array_onset	21	2	planned_task_marker
122.7932	0	122794	retention_interval_onset	22	2	planned_task_marker
123.795	0	123796	response_screen_onset	23	2	planned_task_marker
126.7967	0	126798	participant_response	208	2	nonstandard_raw_marker
128.2967	0	128298	memory_array_onset	41	4	planned_task_marker
128.8001	0	128801	retention_interval_onset	42	4	planned_task_marker
129.8017	0	129803	response_screen_onset	43	4	planned_task_marker
133.2459	0	133247	participant_response	40	4	planned_task_marker
134.7902	0	134791	memory_array_onset	61	6	planned_task_marker
135.2936	0	135295	retention_interval_onset	62	6	planned_task_marker
136.295	0	136296	response_screen_onset	63	6	planned_task_marker
140.673	0	140674	participant_response	608	6	nonstandard_raw_marker
142.173	0	142174	memory_array_onset	21	2	planned_task_marker
142.6764	0	142677	retention_interval_onset	22	2	planned_task_marker
143.678	0	143679	response_screen_onset	23	2	planned_task_marker
145.9248	0	145926	participant_response	208	2	nonstandard_raw_marker
147.4248	0	147426	memory_array_onset	41	4	planned_task_marker
147.9282	0	147929	retention_interval_onset	42	4	planned_task_marker
148.9282	0	148929	response_screen_onset	438	4	nonstandard_raw_marker
154.0944	0	154095	participant_response	40	4	planned_task_marker
155.6465	0	155648	memory_array_onset	41	4	planned_task_marker
156.15	0	156151	retention_interval_onset	42	4	planned_task_marker
157.1511	0	157152	response_screen_onset	43	4	planned_task_marker
159.9025	0	159904	participant_response	40	4	planned_task_marker
161.4521	0	161453	memory_array_onset	61	6	planned_task_marker
161.9556	0	161957	retention_interval_onset	62	6	planned_task_marker
162.9572	0	162958	response_screen_onset	63	6	planned_task_marker
166.7346	0	166736	participant_response	60	6	planned_task_marker
168.2812	0	168282	memory_array_onset	21	2	planned_task_marker
168.7847	0	168786	retention_interval_onset	22	2	planned_task_marker
169.7862	0	169787	response_screen_onset	23	2	planned_task_marker
177.247	0	177248	participant_response	20	2	planned_task_marker
178.8017	0	178803	memory_array_onset	41	4	planned_task_marker
179.3051	0	179306	retention_interval_onset	42	4	planned_task_marker
180.3063	0	180307	response_screen_onset	43	4	planned_task_marker
183.071	0	183072	participant_response	40	4	planned_task_marker
184.624	0	184625	memory_array_onset	21	2	planned_task_marker
185.1275	0	185129	retention_interval_onset	22	2	planned_task_marker
186.1296	0	186131	response_screen_onset	23	2	planned_task_marker
189.111	0	189112	participant_response	20	2	planned_task_marker
190.6645	0	190666	memory_array_onset	61	6	planned_task_marker
191.1679	0	191169	retention_interval_onset	62	6	planned_task_marker
192.1694	0	192170	response_screen_onset	63	6	planned_task_marker
197.1271	0	197128	participant_response	60	6	planned_task_marker
198.6849	0	198686	memory_array_onset	41	4	planned_task_marker
199.1883	0	199189	retention_interval_onset	42	4	planned_task_marker
200.1883	0	200189	response_screen_onset	438	4	nonstandard_raw_marker
203.9913	0	203992	participant_response	40	4	planned_task_marker
205.5475	0	205549	memory_array_onset	41	4	planned_task_marker
206.051	0	206052	retention_interval_onset	42	4	planned_task_marker
207.051	0	207052	response_screen_onset	438	4	nonstandard_raw_marker
209.8634	0	209864	participant_response	40	4	planned_task_marker
211.4202	0	211421	memory_array_onset	61	6	planned_task_marker
211.9236	0	211925	retention_interval_onset	62	6	planned_task_marker
212.9249	0	212926	response_screen_onset	63	6	planned_task_marker
215.7276	0	215729	participant_response	60	6	planned_task_marker
217.2761	0	217277	memory_array_onset	21	2	planned_task_marker
217.7795	0	217781	retention_interval_onset	22	2	planned_task_marker
218.781	0	218782	response_screen_onset	23	2	planned_task_marker
221.2476	0	221249	participant_response	20	2	planned_task_marker
222.7964	0	222797	memory_array_onset	61	6	planned_task_marker
223.2998	0	223301	retention_interval_onset	62	6	planned_task_marker
224.3012	0	224302	response_screen_onset	63	6	planned_task_marker
226.4308	0	226432	participant_response	608	6	nonstandard_raw_marker
227.9308	0	227932	memory_array_onset	41	4	planned_task_marker
228.4342	0	228435	retention_interval_onset	42	4	planned_task_marker
229.4355	0	229437	response_screen_onset	43	4	planned_task_marker
232.2717	0	232273	participant_response	40	4	planned_task_marker
233.8203	0	233821	memory_array_onset	41	4	planned_task_marker
234.3237	0	234325	retention_interval_onset	42	4	planned_task_marker
235.3253	0	235326	response_screen_onset	43	4	planned_task_marker
237.8479	0	237849	participant_response	40	4	planned_task_marker
239.391	0	239392	memory_array_onset	21	2	planned_task_marker
239.8943	0	239895	retention_interval_onset	22	2	planned_task_marker
240.8958	0	240897	response_screen_onset	23	2	planned_task_marker
243	0	243001	participant_response	20	2	planned_task_marker
244.5589	0	244560	memory_array_onset	41	4	planned_task_marker
245.0622	0	245063	retention_interval_onset	42	4	planned_task_marker
246.0635	0	246065	response_screen_onset	43	4	planned_task_marker
248.296	0	248297	participant_response	40	4	planned_task_marker
249.8443	0	249845	memory_array_onset	21	2	planned_task_marker
250.3476	0	250349	retention_interval_onset	22	2	planned_task_marker
251.3493	0	251350	response_screen_onset	23	2	planned_task_marker
257.4322	0	257433	participant_response	20	2	planned_task_marker
258.9888	0	258990	memory_array_onset	21	2	planned_task_marker
259.4923	0	259493	retention_interval_onset	22	2	planned_task_marker
260.4936	0	260495	response_screen_onset	23	2	planned_task_marker
264.4964	0	264497	participant_response	20	2	planned_task_marker
266.0529	0	266054	memory_array_onset	41	4	planned_task_marker
266.5563	0	266557	retention_interval_onset	42	4	planned_task_marker
267.5581	0	267559	response_screen_onset	43	4	planned_task_marker
269.9124	0	269913	participant_response	40	4	planned_task_marker
271.4557	0	271457	memory_array_onset	21	2	planned_task_marker
271.9591	0	271960	retention_interval_onset	22	2	planned_task_marker
272.9618	0	272963	response_screen_onset	23	2	planned_task_marker
275.8566	0	275858	participant_response	20	2	planned_task_marker
277.4123	0	277413	memory_array_onset	21	2	planned_task_marker
277.9157	0	277917	retention_interval_onset	22	2	planned_task_marker
278.9171	0	278918	response_screen_onset	23	2	planned_task_marker
284.2967	0	284298	participant_response	20	2	planned_task_marker
285.8521	0	285853	memory_array_onset	61	6	planned_task_marker
286.3555	0	286357	retention_interval_onset	62	6	planned_task_marker
287.3569	0	287358	response_screen_onset	63	6	planned_task_marker
291.2819	0	291283	participant_response	608	6	nonstandard_raw_marker
292.7819	0	292783	memory_array_onset	41	4	planned_task_marker
293.2853	0	293286	retention_interval_onset	42	4	planned_task_marker
294.2865	0	294288	response_screen_onset	43	4	planned_task_marker
297.9849	0	297986	participant_response	40	4	planned_task_marker
299.5439	0	299545	memory_array_onset	61	6	planned_task_marker
300.0473	0	300048	retention_interval_onset	62	6	planned_task_marker
301.049	0	301050	response_screen_onset	63	6	planned_task_marker
303.473	0	303474	participant_response	60	6	planned_task_marker
305.0306	0	305032	memory_array_onset	61	6	planned_task_marker
305.534	0	305535	retention_interval_onset	62	6	planned_task_marker
306.5359	0	306537	response_screen_onset	63	6	planned_task_marker
309.6732	0	309674	participant_response	60	6	planned_task_marker
311.2221	0	311223	memory_array_onset	41	4	planned_task_marker
311.7256	0	311727	retention_interval_onset	42	4	planned_task_marker
312.727	0	312728	response_screen_onset	43	4	planned_task_marker
316.182	0	316183	participant_response	408	4	nonstandard_raw_marker
317.682	0	317683	memory_array_onset	21	2	planned_task_marker
318.1855	0	318187	retention_interval_onset	22	2	planned_task_marker
319.1876	0	319189	response_screen_onset	23	2	planned_task_marker
323.6413	0	323642	participant_response	20	2	planned_task_marker
325.1991	0	325200	memory_array_onset	41	4	planned_task_marker
325.7025	0	325704	retention_interval_onset	42	4	planned_task_marker
326.7043	0	326705	response_screen_onset	43	4	planned_task_marker
330.5214	0	330522	participant_response	40	4	planned_task_marker
332.0785	0	332080	memory_array_onset	21	2	planned_task_marker
332.5819	0	332583	retention_interval_onset	22	2	planned_task_marker
333.5837	0	333585	response_screen_onset	23	2	planned_task_marker
336.5854	0	336586	participant_response	208	2	nonstandard_raw_marker
338.0854	0	338086	memory_array_onset	21	2	planned_task_marker
338.5888	0	338590	retention_interval_onset	22	2	planned_task_marker
339.5909	0	339592	response_screen_onset	23	2	planned_task_marker
344.2417	0	344243	participant_response	20	2	planned_task_marker
345.787	0	345788	memory_array_onset	61	6	planned_task_marker
346.2904	0	346291	retention_interval_onset	62	6	planned_task_marker
347.2918	0	347293	response_screen_onset	63	6	planned_task_marker
350.1699	0	350171	participant_response	60	6	planned_task_marker
351.7268	0	351728	memory_array_onset	41	4	planned_task_marker
352.2302	0	352231	retention_interval_onset	42	4	planned_task_marker
353.2302	0	353231	response_screen_onset	438	4	nonstandard_raw_marker
356.9139	0	356915	participant_response	40	4	planned_task_marker
358.472	0	358473	memory_array_onset	61	6	planned_task_marker
358.9754	0	358976	retention_interval_onset	62	6	planned_task_marker
359.9775	0	359979	response_screen_onset	63	6	planned_task_marker
363.0125	0	363014	participant_response	608	6	nonstandard_raw_marker
364.5125	0	364514	memory_array_onset	41	4	planned_task_marker
365.0159	0	365017	retention_interval_onset	42	4	planned_task_marker
366.0182	0	366019	response_screen_onset	43	4	planned_task_marker
368.6166	0	368618	participant_response	408	4	nonstandard_raw_marker
370.1166	0	370118	memory_array_onset	21	2	planned_task_marker
370.62	0	370621	retention_interval_onset	22	2	planned_task_marker
371.6211	0	371622	response_screen_onset	23	2	planned_task_marker
378.5383	0	378539	participant_response	20	2	planned_task_marker
380.0834	0	380084	memory_array_onset	41	4	planned_task_marker
380.5868	0	380588	retention_interval_onset	42	4	planned_task_marker
381.5889	0	381590	response_screen_onset	43	4	planned_task_marker
384.5544	0	384555	participant_response	40	4	planned_task_marker
386.1071	0	386108	memory_array_onset	61	6	planned_task_marker
386.6105	0	386612	retention_interval_onset	62	6	planned_task_marker
387.6105	0	387612	response_screen_onset	638	6	nonstandard_raw_marker
391.4106	0	391412	participant_response	60	6	planned_task_marker
392.9697	0	392971	memory_array_onset	61	6	planned_task_marker
393.4732	0	393474	retention_interval_onset	62	6	planned_task_marker
394.4743	0	394475	response_screen_onset	63	6	planned_task_marker
398.2107	0	398212	participant_response	60	6	planned_task_marker
399.7653	0	399766	memory_array_onset	41	4	planned_task_marker
400.2686	0	400270	retention_interval_onset	42	4	planned_task_marker
401.2686	0	401270	response_screen_onset	438	4	nonstandard_raw_marker
403.3996	0	403401	participant_response	408	4	nonstandard_raw_marker
404.8996	0	404901	memory_array_onset	21	2	planned_task_marker
405.4031	0	405404	retention_interval_onset	22	2	planned_task_marker
406.4047	0	406406	response_screen_onset	23	2	planned_task_marker
409.7421	0	409743	participant_response	208	2	nonstandard_raw_marker
411.2421	0	411243	memory_array_onset	61	6	planned_task_marker
411.7456	0	411747	retention_interval_onset	62	6	planned_task_marker
412.7469	0	412748	response_screen_onset	63	6	planned_task_marker
415.0107	0	415012	participant_response	608	6	nonstandard_raw_marker
416.5107	0	416512	memory_array_onset	41	4	planned_task_marker
417.0142	0	417015	retention_interval_onset	42	4	planned_task_marker
418.0157	0	418017	response_screen_onset	43	4	planned_task_marker
421.0351	0	421036	participant_response	40	4	planned_task_marker
422.5848	0	422586	memory_array_onset	21	2	planned_task_marker
423.0882	0	423089	retention_interval_onset	22	2	planned_task_marker
424.09	0	424091	response_screen_onset	23	2	planned_task_marker
426.6387	0	426640	participant_response	208	2	nonstandard_raw_marker
428.1387	0	428140	memory_array_onset	61	6	planned_task_marker
428.642	0	428643	retention_interval_onset	62	6	planned_task_marker
429.6433	0	429644	response_screen_onset	63	6	planned_task_marker
434.0353	0	434036	participant_response	60	6	planned_task_marker
435.5886	0	435590	memory_array_onset	61	6	planned_task_marker
436.092	0	436093	retention_interval_onset	62	6	planned_task_marker
437.092	0	437093	response_screen_onset	638	6	nonstandard_raw_marker
439.8354	0	439836	participant_response	60	6	planned_task_marker
441.3941	0	441395	memory_array_onset	61	6	planned_task_marker
441.8975	0	441899	retention_interval_onset	62	6	planned_task_marker
442.8991	0	442900	response_screen_onset	63	6	planned_task_marker
444.9395	0	444941	participant_response	60	6	planned_task_marker
446.495	0	446496	memory_array_onset	21	2	planned_task_marker
446.9984	0	446999	retention_interval_onset	22	2	planned_task_marker
447.9996	0	448001	response_screen_onset	23	2	planned_task_marker
450.8676	0	450869	participant_response	20	2	planned_task_marker
452.418	0	452419	memory_array_onset	41	4	planned_task_marker
452.9214	0	452922	retention_interval_onset	42	4	planned_task_marker
453.923	0	453924	response_screen_onset	43	4	planned_task_marker
457.1317	0	457133	participant_response	40	4	planned_task_marker
458.6766	0	458678	memory_array_onset	21	2	planned_task_marker
459.18	0	459181	retention_interval_onset	22	2	planned_task_marker
460.1821	0	460183	response_screen_onset	23	2	planned_task_marker
464.5958	0	464597	participant_response	20	2	planned_task_marker
466.1433	0	466144	memory_array_onset	21	2	planned_task_marker
466.6466	0	466648	retention_interval_onset	22	2	planned_task_marker
467.6483	0	467649	response_screen_onset	23	2	planned_task_marker
471.556	0	471557	participant_response	20	2	planned_task_marker
473.1066	0	473108	memory_array_onset	41	4	planned_task_marker
473.61	0	473611	retention_interval_onset	42	4	planned_task_marker
474.6114	0	474612	response_screen_onset	43	4	planned_task_marker
477.4625	0	477464	participant_response	408	4	nonstandard_raw_marker
478.9625	0	478964	memory_array_onset	61	6	planned_task_marker
479.4659	0	479467	retention_interval_onset	62	6	planned_task_marker
480.4673	0	480468	response_screen_onset	63	6	planned_task_marker
485.6842	0	485685	participant_response	608	6	nonstandard_raw_marker
487.1842	0	487185	memory_array_onset	21	2	planned_task_marker
487.6876	0	487689	retention_interval_onset	22	2	planned_task_marker
488.6895	0	488691	response_screen_onset	23	2	planned_task_marker
492.2602	0	492261	participant_response	20	2	planned_task_marker
493.8025	0	493804	end_experiment	127	n/a	planned_task_marker
499.6995	0	499701	eeglab_boundary	boundary	n/a	eeglab_boundary
503.91	0	503911	memory_array_onset	21	2	planned_task_marker
504.4341	0	504435	retention_interval_onset	22	2	planned_task_marker
505.4598	0	505461	response_screen_onset	23	2	planned_task_marker
507.769	0	507770	participant_response	20	2	planned_task_marker
509.3127	0	509314	memory_array_onset	61	6	planned_task_marker
509.8162	0	509817	retention_interval_onset	62	6	planned_task_marker
510.8162	0	510817	response_screen_onset	638	6	nonstandard_raw_marker
512.6954	0	512696	participant_response	608	6	nonstandard_raw_marker
514.1954	0	514196	memory_array_onset	41	4	planned_task_marker
514.6989	0	514700	retention_interval_onset	42	4	planned_task_marker
515.6989	0	515700	response_screen_onset	438	4	nonstandard_raw_marker
518.1486	0	518150	participant_response	408	4	nonstandard_raw_marker
519.6486	0	519650	memory_array_onset	41	4	planned_task_marker
520.1521	0	520153	retention_interval_onset	42	4	planned_task_marker
521.1593	0	521160	response_screen_onset	43	4	planned_task_marker
524.1933	0	524194	participant_response	40	4	planned_task_marker
525.7395	0	525741	memory_array_onset	61	6	planned_task_marker
526.2429	0	526244	retention_interval_onset	62	6	planned_task_marker
527.246	0	527247	response_screen_onset	63	6	planned_task_marker
529.5054	0	529506	participant_response	60	6	planned_task_marker
531.0584	0	531059	memory_array_onset	41	4	planned_task_marker
531.5618	0	531563	retention_interval_onset	42	4	planned_task_marker
532.5666	0	532568	response_screen_onset	43	4	planned_task_marker
535.9615	0	535963	participant_response	40	4	planned_task_marker
537.5183	0	537519	memory_array_onset	21	2	planned_task_marker
538.0218	0	538023	retention_interval_onset	22	2	planned_task_marker
539.0233	0	539024	response_screen_onset	23	2	planned_task_marker
541.4416	0	541443	participant_response	20	2	planned_task_marker
542.9883	0	542989	memory_array_onset	61	6	planned_task_marker
543.4917	0	543493	retention_interval_onset	62	6	planned_task_marker
544.4932	0	544494	response_screen_onset	63	6	planned_task_marker
547.3057	0	547307	participant_response	60	6	planned_task_marker
548.8611	0	548862	memory_array_onset	61	6	planned_task_marker
549.3644	0	549365	retention_interval_onset	62	6	planned_task_marker
550.3659	0	550367	response_screen_onset	63	6	planned_task_marker
553.1138	0	553115	participant_response	60	6	planned_task_marker
554.6666	0	554668	memory_array_onset	21	2	planned_task_marker
555.1699	0	555171	retention_interval_onset	22	2	planned_task_marker
556.1715	0	556173	response_screen_onset	23	2	planned_task_marker
559.4099	0	559411	participant_response	20	2	planned_task_marker
560.9587	0	560960	memory_array_onset	41	4	planned_task_marker
561.4621	0	561463	retention_interval_onset	42	4	planned_task_marker
562.464	0	562465	response_screen_onset	43	4	planned_task_marker
564.7381	0	564739	participant_response	40	4	planned_task_marker
566.2945	0	566296	memory_array_onset	41	4	planned_task_marker
566.7978	0	566799	retention_interval_onset	42	4	planned_task_marker
567.7994	0	567800	response_screen_onset	43	4	planned_task_marker
575.3062	0	575307	participant_response	40	4	planned_task_marker
576.8653	0	576866	memory_array_onset	41	4	planned_task_marker
577.3687	0	577370	retention_interval_onset	42	4	planned_task_marker
578.3701	0	578371	response_screen_onset	43	4	planned_task_marker
582.0343	0	582035	participant_response	40	4	planned_task_marker
583.5769	0	583578	memory_array_onset	21	2	planned_task_marker
584.0803	0	584081	retention_interval_onset	22	2	planned_task_marker
585.0817	0	585083	response_screen_onset	23	2	planned_task_marker
590.1704	0	590171	participant_response	20	2	planned_task_marker
591.7148	0	591716	memory_array_onset	41	4	planned_task_marker
592.2182	0	592219	retention_interval_onset	42	4	planned_task_marker
593.2182	0	593219	response_screen_onset	438	4	nonstandard_raw_marker
595.5306	0	595532	participant_response	40	4	planned_task_marker
597.0841	0	597085	memory_array_onset	21	2	planned_task_marker
597.5874	0	597588	retention_interval_onset	22	2	planned_task_marker
598.5888	0	598590	response_screen_onset	23	2	planned_task_marker
604.6508	0	604652	participant_response	20	2	planned_task_marker
606.1951	0	606196	memory_array_onset	21	2	planned_task_marker
606.6986	0	606700	retention_interval_onset	22	2	planned_task_marker
607.7006	0	607702	response_screen_onset	23	2	planned_task_marker
609.9302	0	609931	participant_response	208	2	nonstandard_raw_marker
611.4302	0	611431	memory_array_onset	61	6	planned_task_marker
611.9335	0	611935	retention_interval_onset	62	6	planned_task_marker
612.9356	0	612937	response_screen_onset	63	6	planned_task_marker
615.5229	0	615524	participant_response	60	6	planned_task_marker
617.068	0	617069	memory_array_onset	61	6	planned_task_marker
617.5714	0	617572	retention_interval_onset	62	6	planned_task_marker
618.574	0	618575	response_screen_onset	63	6	planned_task_marker
621.003	0	621004	participant_response	60	6	planned_task_marker
622.5547	0	622556	memory_array_onset	41	4	planned_task_marker
623.0581	0	623059	retention_interval_onset	42	4	planned_task_marker
624.0591	0	624060	response_screen_onset	43	4	planned_task_marker
626.8602	0	626861	participant_response	408	4	nonstandard_raw_marker
628.3602	0	628361	memory_array_onset	41	4	planned_task_marker
628.8636	0	628865	retention_interval_onset	42	4	planned_task_marker
629.8636	0	629865	response_screen_onset	438	4	nonstandard_raw_marker
632.6913	0	632692	participant_response	40	4	planned_task_marker
634.2497	0	634251	memory_array_onset	41	4	planned_task_marker
634.7531	0	634754	retention_interval_onset	42	4	planned_task_marker
635.7548	0	635756	response_screen_onset	43	4	planned_task_marker
638.6057	0	638607	participant_response	408	4	nonstandard_raw_marker
640.1057	0	640107	memory_array_onset	61	6	planned_task_marker
640.609	0	640610	retention_interval_onset	62	6	planned_task_marker
641.6105	0	641612	response_screen_onset	63	6	planned_task_marker
644.8354	0	644836	participant_response	60	6	planned_task_marker
646.381	0	646382	memory_array_onset	61	6	planned_task_marker
646.8844	0	646885	retention_interval_onset	62	6	planned_task_marker
647.8855	0	647887	response_screen_onset	63	6	planned_task_marker
650.2503	0	650251	participant_response	608	6	nonstandard_raw_marker
651.7503	0	651751	memory_array_onset	61	6	planned_task_marker
652.2537	0	652255	retention_interval_onset	62	6	planned_task_marker
653.2554	0	653256	response_screen_onset	63	6	planned_task_marker
656.4196	0	656421	participant_response	60	6	planned_task_marker
657.9753	0	657976	memory_array_onset	41	4	planned_task_marker
658.4787	0	658480	retention_interval_onset	42	4	planned_task_marker
659.482	0	659483	response_screen_onset	43	4	planned_task_marker
664.6517	0	664653	participant_response	40	4	planned_task_marker
666.197	0	666198	memory_array_onset	61	6	planned_task_marker
666.7004	0	666701	retention_interval_onset	62	6	planned_task_marker
667.7004	0	667701	response_screen_onset	638	6	nonstandard_raw_marker
673.0678	0	673069	participant_response	60	6	planned_task_marker
674.6201	0	674621	memory_array_onset	41	4	planned_task_marker
675.1236	0	675125	retention_interval_onset	42	4	planned_task_marker
676.1257	0	676127	response_screen_onset	43	4	planned_task_marker
678.674	0	678675	participant_response	408	4	nonstandard_raw_marker
680.174	0	680175	memory_array_onset	21	2	planned_task_marker
680.6774	0	680678	retention_interval_onset	22	2	planned_task_marker
681.6795	0	681681	response_screen_onset	23	2	planned_task_marker
686.4601	0	686461	participant_response	20	2	planned_task_marker
688.0098	0	688011	memory_array_onset	41	4	planned_task_marker
688.5133	0	688514	retention_interval_onset	42	4	planned_task_marker
689.5148	0	689516	response_screen_onset	43	4	planned_task_marker
692.0522	0	692053	participant_response	40	4	planned_task_marker
693.5973	0	693598	memory_array_onset	21	2	planned_task_marker
694.1007	0	694102	retention_interval_onset	22	2	planned_task_marker
695.1024	0	695103	response_screen_onset	23	2	planned_task_marker
697.6203	0	697621	participant_response	20	2	planned_task_marker
699.1679	0	699169	memory_array_onset	21	2	planned_task_marker
699.6713	0	699672	retention_interval_onset	22	2	planned_task_marker
700.6727	0	700674	response_screen_onset	23	2	planned_task_marker
703.6916	0	703693	participant_response	208	2	nonstandard_raw_marker
705.1916	0	705193	memory_array_onset	21	2	planned_task_marker
705.695	0	705696	retention_interval_onset	22	2	planned_task_marker
706.695	0	706696	response_screen_onset	238	2	nonstandard_raw_marker
712.9033	0	712904	participant_response	208	2	nonstandard_raw_marker
714.4033	0	714404	memory_array_onset	41	4	planned_task_marker
714.9067	0	714908	retention_interval_onset	42	4	planned_task_marker
715.9086	0	715910	response_screen_onset	43	4	planned_task_marker
718.2047	0	718206	participant_response	40	4	planned_task_marker
719.7558	0	719757	memory_array_onset	21	2	planned_task_marker
720.2592	0	720260	retention_interval_onset	22	2	planned_task_marker
721.2609	0	721262	response_screen_onset	23	2	planned_task_marker
723.558	0	723559	participant_response	208	2	nonstandard_raw_marker
725.058	0	725059	memory_array_onset	21	2	planned_task_marker
725.5614	0	725562	retention_interval_onset	22	2	planned_task_marker
726.5628	0	726564	response_screen_onset	23	2	planned_task_marker
728.4849	0	728486	participant_response	20	2	planned_task_marker
730.0414	0	730042	memory_array_onset	61	6	planned_task_marker
730.5448	0	730546	retention_interval_onset	62	6	planned_task_marker
731.546	0	731547	response_screen_onset	63	6	planned_task_marker
734.645	0	734646	participant_response	60	6	planned_task_marker
736.1993	0	736200	memory_array_onset	61	6	planned_task_marker
736.7028	0	736704	retention_interval_onset	62	6	planned_task_marker
737.7042	0	737705	response_screen_onset	63	6	planned_task_marker
740.3811	0	740382	participant_response	60	6	planned_task_marker
741.9378	0	741939	memory_array_onset	61	6	planned_task_marker
742.4412	0	742442	retention_interval_onset	62	6	planned_task_marker
743.4429	0	743444	response_screen_onset	63	6	planned_task_marker
747.5856	0	747587	participant_response	608	6	nonstandard_raw_marker
749.0856	0	749087	memory_array_onset	61	6	planned_task_marker
749.5891	0	749590	retention_interval_onset	62	6	planned_task_marker
750.5906	0	750592	response_screen_onset	63	6	planned_task_marker
753.2373	0	753238	participant_response	60	6	planned_task_marker
754.7905	0	754792	memory_array_onset	61	6	planned_task_marker
755.294	0	755295	retention_interval_onset	62	6	planned_task_marker
756.2957	0	756297	response_screen_onset	63	6	planned_task_marker
760.4054	0	760406	participant_response	60	6	planned_task_marker
761.9552	0	761956	memory_array_onset	61	6	planned_task_marker
762.4587	0	762460	retention_interval_onset	62	6	planned_task_marker
763.4609	0	763462	response_screen_onset	63	6	planned_task_marker
766.0135	0	766015	participant_response	60	6	planned_task_marker
767.5594	0	767560	memory_array_onset	21	2	planned_task_marker
768.0628	0	768064	retention_interval_onset	22	2	planned_task_marker
769.0641	0	769065	response_screen_onset	23	2	planned_task_marker
771.4776	0	771479	participant_response	20	2	planned_task_marker
773.0294	0	773030	memory_array_onset	61	6	planned_task_marker
773.5328	0	773534	retention_interval_onset	62	6	planned_task_marker
774.534	0	774535	response_screen_onset	63	6	planned_task_marker
776.7177	0	776719	participant_response	60	6	planned_task_marker
778.2644	0	778265	memory_array_onset	41	4	planned_task_marker
778.7678	0	778769	retention_interval_onset	42	4	planned_task_marker
779.769	0	779770	response_screen_onset	43	4	planned_task_marker
782.0378	0	782039	participant_response	40	4	planned_task_marker
783.5834	0	783584	memory_array_onset	41	4	planned_task_marker
784.0868	0	784088	retention_interval_onset	42	4	planned_task_marker
785.0906	0	785092	response_screen_onset	43	4	planned_task_marker
787.4939	0	787495	participant_response	40	4	planned_task_marker
789.0366	0	789038	memory_array_onset	41	4	planned_task_marker
789.54	0	789541	retention_interval_onset	42	4	planned_task_marker
790.542	0	790543	response_screen_onset	43	4	planned_task_marker
793.214	0	793215	participant_response	40	4	planned_task_marker
794.7583	0	794759	memory_array_onset	61	6	planned_task_marker
795.2617	0	795263	retention_interval_onset	62	6	planned_task_marker
796.2639	0	796265	response_screen_onset	63	6	planned_task_marker
798.6541	0	798655	participant_response	60	6	planned_task_marker
800.2115	0	800213	memory_array_onset	61	6	planned_task_marker
800.7149	0	800716	retention_interval_onset	62	6	planned_task_marker
801.7159	0	801717	response_screen_onset	63	6	planned_task_marker
804.3102	0	804311	participant_response	60	6	planned_task_marker
805.866	0	805867	memory_array_onset	21	2	planned_task_marker
806.3694	0	806370	retention_interval_onset	22	2	planned_task_marker
807.3709	0	807372	response_screen_onset	23	2	planned_task_marker
809.4623	0	809463	participant_response	20	2	planned_task_marker
811.0172	0	811018	memory_array_onset	61	6	planned_task_marker
811.5206	0	811522	retention_interval_onset	62	6	planned_task_marker
812.5221	0	812523	response_screen_onset	63	6	planned_task_marker
816.5104	0	816511	participant_response	60	6	planned_task_marker
818.0644	0	818065	memory_array_onset	21	2	planned_task_marker
818.5679	0	818569	retention_interval_onset	22	2	planned_task_marker
819.5695	0	819571	response_screen_onset	23	2	planned_task_marker
824.4065	0	824408	participant_response	20	2	planned_task_marker
825.9506	0	825952	memory_array_onset	21	2	planned_task_marker
826.4539	0	826455	retention_interval_onset	22	2	planned_task_marker
827.456	0	827457	response_screen_onset	23	2	planned_task_marker
831.1587	0	831160	participant_response	20	2	planned_task_marker
832.7125	0	832714	memory_array_onset	21	2	planned_task_marker
833.2159	0	833217	retention_interval_onset	22	2	planned_task_marker
834.218	0	834219	response_screen_onset	23	2	planned_task_marker
837.5908	0	837592	participant_response	20	2	planned_task_marker
839.1389	0	839140	memory_array_onset	61	6	planned_task_marker
839.6423	0	839643	retention_interval_onset	62	6	planned_task_marker
840.6436	0	840645	response_screen_onset	63	6	planned_task_marker
843.3508	0	843352	participant_response	60	6	planned_task_marker
844.8941	0	844895	memory_array_onset	21	2	planned_task_marker
845.3976	0	845399	retention_interval_onset	22	2	planned_task_marker
846.3994	0	846400	response_screen_onset	23	2	planned_task_marker
848.863	0	848864	participant_response	20	2	planned_task_marker
850.4145	0	850416	memory_array_onset	21	2	planned_task_marker
850.9179	0	850919	retention_interval_onset	22	2	planned_task_marker
851.9192	0	851920	response_screen_onset	23	2	planned_task_marker
854.5671	0	854568	participant_response	20	2	planned_task_marker
856.1193	0	856120	memory_array_onset	41	4	planned_task_marker
856.6228	0	856624	retention_interval_onset	42	4	planned_task_marker
857.6239	0	857625	response_screen_onset	43	4	planned_task_marker
861.8553	0	861856	participant_response	40	4	planned_task_marker
863.4015	0	863403	memory_array_onset	21	2	planned_task_marker
863.9049	0	863906	retention_interval_onset	22	2	planned_task_marker
864.9078	0	864909	response_screen_onset	23	2	planned_task_marker
868.8393	0	868840	participant_response	20	2	planned_task_marker
870.3984	0	870399	memory_array_onset	41	4	planned_task_marker
870.9018	0	870903	retention_interval_onset	42	4	planned_task_marker
871.9031	0	871904	response_screen_onset	43	4	planned_task_marker
874.3195	0	874321	participant_response	40	4	planned_task_marker
875.8684	0	875869	memory_array_onset	61	6	planned_task_marker
876.3717	0	876373	retention_interval_onset	62	6	planned_task_marker
877.3735	0	877375	response_screen_onset	63	6	planned_task_marker
879.2846	0	879286	participant_response	608	6	nonstandard_raw_marker
880.7846	0	880786	memory_array_onset	21	2	planned_task_marker
881.288	0	881289	retention_interval_onset	22	2	planned_task_marker
882.2895	0	882291	response_screen_onset	23	2	planned_task_marker
885.3916	0	885393	participant_response	20	2	planned_task_marker
886.9425	0	886944	memory_array_onset	21	2	planned_task_marker
887.4459	0	887447	retention_interval_onset	22	2	planned_task_marker
888.4475	0	888449	response_screen_onset	23	2	planned_task_marker
891.4717	0	891473	participant_response	20	2	planned_task_marker
893.0165	0	893018	memory_array_onset	21	2	planned_task_marker
893.52	0	893521	retention_interval_onset	22	2	planned_task_marker
894.5212	0	894522	response_screen_onset	23	2	planned_task_marker
897.9518	0	897953	participant_response	20	2	planned_task_marker
899.51	0	899511	memory_array_onset	61	6	planned_task_marker
900.0134	0	900014	retention_interval_onset	62	6	planned_task_marker
901.0145	0	901016	response_screen_onset	63	6	planned_task_marker
903.7999	0	903801	participant_response	60	6	planned_task_marker
905.3491	0	905350	memory_array_onset	41	4	planned_task_marker
905.8526	0	905854	retention_interval_onset	42	4	planned_task_marker
906.8526	0	906854	response_screen_onset	438	4	nonstandard_raw_marker
910.5281	0	910529	participant_response	40	4	planned_task_marker
912.0775	0	912079	memory_array_onset	61	6	planned_task_marker
912.581	0	912582	retention_interval_onset	62	6	planned_task_marker
913.5823	0	913583	response_screen_onset	63	6	planned_task_marker
915.6401	0	915641	participant_response	60	6	planned_task_marker
917.1952	0	917196	memory_array_onset	41	4	planned_task_marker
917.6985	0	917700	retention_interval_onset	42	4	planned_task_marker
918.6985	0	918700	response_screen_onset	438	4	nonstandard_raw_marker
922.0162	0	922017	participant_response	40	4	planned_task_marker
923.5712	0	923572	memory_array_onset	21	2	planned_task_marker
924.0746	0	924076	retention_interval_onset	22	2	planned_task_marker
925.0763	0	925077	response_screen_onset	23	2	planned_task_marker
929.2484	0	929249	participant_response	20	2	planned_task_marker
930.803	0	930804	memory_array_onset	41	4	planned_task_marker
931.3064	0	931307	retention_interval_onset	42	4	planned_task_marker
932.3075	0	932309	response_screen_onset	43	4	planned_task_marker
936.3925	0	936394	participant_response	40	4	planned_task_marker
937.9509	0	937952	memory_array_onset	41	4	planned_task_marker
938.4543	0	938455	retention_interval_onset	42	4	planned_task_marker
939.4568	0	939458	response_screen_onset	43	4	planned_task_marker
942.7766	0	942778	participant_response	408	4	nonstandard_raw_marker
944.2766	0	944278	memory_array_onset	21	2	planned_task_marker
944.78	0	944781	retention_interval_onset	22	2	planned_task_marker
945.7819	0	945783	response_screen_onset	23	2	planned_task_marker
947.6567	0	947658	participant_response	20	2	planned_task_marker
949.2096	0	949211	memory_array_onset	41	4	planned_task_marker
949.713	0	949714	retention_interval_onset	42	4	planned_task_marker
950.7152	0	950716	response_screen_onset	43	4	planned_task_marker
954.7288	0	954730	participant_response	40	4	planned_task_marker
956.2736	0	956275	memory_array_onset	61	6	planned_task_marker
956.777	0	956778	retention_interval_onset	62	6	planned_task_marker
957.7788	0	957780	response_screen_onset	63	6	planned_task_marker
959.5929	0	959594	participant_response	60	6	planned_task_marker
961.1395	0	961141	memory_array_onset	41	4	planned_task_marker
961.643	0	961644	retention_interval_onset	42	4	planned_task_marker
962.6447	0	962646	response_screen_onset	43	4	planned_task_marker
965.529	0	965530	participant_response	40	4	planned_task_marker
967.0703	0	967071	end_experiment	127	n/a	planned_task_marker
973.3995	0	973401	eeglab_boundary	boundary	n/a	eeglab_boundary
979.6362	0	979637	memory_array_onset	41	4	planned_task_marker
980.1603	0	980161	retention_interval_onset	42	4	planned_task_marker
981.191	0	981192	response_screen_onset	43	4	planned_task_marker
983.0883	0	983089	participant_response	40	4	planned_task_marker
984.6364	0	984637	memory_array_onset	21	2	planned_task_marker
985.1397	0	985141	retention_interval_onset	22	2	planned_task_marker
986.1469	0	986148	response_screen_onset	23	2	planned_task_marker
988.0084	0	988009	participant_response	20	2	planned_task_marker
989.5526	0	989554	memory_array_onset	21	2	planned_task_marker
990.056	0	990057	retention_interval_onset	22	2	planned_task_marker
991.0578	0	991059	response_screen_onset	23	2	planned_task_marker
992.8164	0	992817	participant_response	20	2	planned_task_marker
994.3682	0	994369	memory_array_onset	41	4	planned_task_marker
994.8716	0	994873	retention_interval_onset	42	4	planned_task_marker
995.8727	0	995874	response_screen_onset	43	4	planned_task_marker
998.0362	0	998037	participant_response	408	4	nonstandard_raw_marker
999.5362	0	999537	memory_array_onset	21	2	planned_task_marker
1000.0396	0	1000041	retention_interval_onset	22	2	planned_task_marker
1001.0468	0	1001048	response_screen_onset	23	2	planned_task_marker
1003.6236	0	1003625	participant_response	208	2	nonstandard_raw_marker
1005.1236	0	1005125	memory_array_onset	41	4	planned_task_marker
1005.627	0	1005628	retention_interval_onset	42	4	planned_task_marker
1006.6294	0	1006630	response_screen_onset	43	4	planned_task_marker
1008.8248	0	1008826	participant_response	40	4	planned_task_marker
1010.3754	0	1010376	memory_array_onset	21	2	planned_task_marker
1010.8788	0	1010880	retention_interval_onset	22	2	planned_task_marker
1011.8837	0	1011885	response_screen_onset	23	2	planned_task_marker
1014.3609	0	1014362	participant_response	20	2	planned_task_marker
1015.9125	0	1015914	memory_array_onset	21	2	planned_task_marker
1016.416	0	1016417	retention_interval_onset	22	2	planned_task_marker
1017.4177	0	1017419	response_screen_onset	23	2	planned_task_marker
1020.1129	0	1020114	participant_response	20	2	planned_task_marker
1021.6678	0	1021669	memory_array_onset	21	2	planned_task_marker
1022.1712	0	1022172	retention_interval_onset	22	2	planned_task_marker
1023.1725	0	1023174	response_screen_onset	23	2	planned_task_marker
1025.241	0	1025242	participant_response	20	2	planned_task_marker
1026.7854	0	1026786	memory_array_onset	61	6	planned_task_marker
1027.2889	0	1027290	retention_interval_onset	62	6	planned_task_marker
1028.2918	0	1028293	response_screen_onset	63	6	planned_task_marker
1030.7218	0	1030723	participant_response	608	6	nonstandard_raw_marker
1032.2218	0	1032223	memory_array_onset	21	2	planned_task_marker
1032.7253	0	1032726	retention_interval_onset	22	2	planned_task_marker
1033.7274	0	1033728	response_screen_onset	23	2	planned_task_marker
1039.0173	0	1039018	participant_response	20	2	planned_task_marker
1040.561	0	1040562	memory_array_onset	61	6	planned_task_marker
1041.0644	0	1041065	retention_interval_onset	62	6	planned_task_marker
1042.0712	0	1042072	response_screen_onset	63	6	planned_task_marker
1048.5614	0	1048562	participant_response	60	6	planned_task_marker
1050.1083	0	1050109	memory_array_onset	41	4	planned_task_marker
1050.6117	0	1050613	retention_interval_onset	42	4	planned_task_marker
1051.6135	0	1051615	response_screen_onset	43	4	planned_task_marker
1053.5295	0	1053531	participant_response	40	4	planned_task_marker
1055.0749	0	1055076	memory_array_onset	41	4	planned_task_marker
1055.5783	0	1055579	retention_interval_onset	42	4	planned_task_marker
1056.5804	0	1056581	response_screen_onset	43	4	planned_task_marker
1059.4256	0	1059427	participant_response	40	4	planned_task_marker
1060.9811	0	1060982	memory_array_onset	61	6	planned_task_marker
1061.4846	0	1061486	retention_interval_onset	62	6	planned_task_marker
1062.4864	0	1062487	response_screen_onset	63	6	planned_task_marker
1064.7457	0	1064747	participant_response	60	6	planned_task_marker
1066.3001	0	1066301	memory_array_onset	61	6	planned_task_marker
1066.8035	0	1066805	retention_interval_onset	62	6	planned_task_marker
1067.8048	0	1067806	response_screen_onset	63	6	planned_task_marker
1071.2338	0	1071235	participant_response	60	6	planned_task_marker
1072.7768	0	1072778	memory_array_onset	61	6	planned_task_marker
1073.2802	0	1073281	retention_interval_onset	62	6	planned_task_marker
1074.2822	0	1074283	response_screen_onset	63	6	planned_task_marker
1076.8139	0	1076815	participant_response	608	6	nonstandard_raw_marker
1078.3139	0	1078315	memory_array_onset	61	6	planned_task_marker
1078.8173	0	1078818	retention_interval_onset	62	6	planned_task_marker
1079.8173	0	1079818	response_screen_onset	638	6	nonstandard_raw_marker
1082.21	0	1082211	participant_response	60	6	planned_task_marker
1083.7671	0	1083768	memory_array_onset	61	6	planned_task_marker
1084.2705	0	1084272	retention_interval_onset	62	6	planned_task_marker
1085.2705	0	1085272	response_screen_onset	638	6	nonstandard_raw_marker
1087.6661	0	1087667	participant_response	60	6	planned_task_marker
1089.2203	0	1089221	memory_array_onset	41	4	planned_task_marker
1089.7237	0	1089725	retention_interval_onset	42	4	planned_task_marker
1090.7255	0	1090727	response_screen_onset	43	4	planned_task_marker
1093.2022	0	1093203	participant_response	40	4	planned_task_marker
1094.7575	0	1094759	memory_array_onset	21	2	planned_task_marker
1095.2609	0	1095262	retention_interval_onset	22	2	planned_task_marker
1096.2624	0	1096263	response_screen_onset	23	2	planned_task_marker
1099.3543	0	1099355	participant_response	20	2	planned_task_marker
1100.8985	0	1100900	memory_array_onset	61	6	planned_task_marker
1101.402	0	1101403	retention_interval_onset	62	6	planned_task_marker
1102.4036	0	1102405	response_screen_onset	63	6	planned_task_marker
1104.6824	0	1104683	participant_response	60	6	planned_task_marker
1106.2343	0	1106235	memory_array_onset	61	6	planned_task_marker
1106.7377	0	1106739	retention_interval_onset	62	6	planned_task_marker
1107.7392	0	1107740	response_screen_onset	63	6	planned_task_marker
1110.4425	0	1110444	participant_response	60	6	planned_task_marker
1111.9895	0	1111991	memory_array_onset	41	4	planned_task_marker
1112.4929	0	1112494	retention_interval_onset	42	4	planned_task_marker
1113.4943	0	1113495	response_screen_onset	43	4	planned_task_marker
1115.8346	0	1115836	participant_response	40	4	planned_task_marker
1117.3924	0	1117393	memory_array_onset	41	4	planned_task_marker
1117.8958	0	1117897	retention_interval_onset	42	4	planned_task_marker
1118.897	0	1118898	response_screen_onset	43	4	planned_task_marker
1121.765	0	1121766	participant_response	408	4	nonstandard_raw_marker
1123.265	0	1123266	memory_array_onset	41	4	planned_task_marker
1123.7685	0	1123770	retention_interval_onset	42	4	planned_task_marker
1124.7696	0	1124771	response_screen_onset	43	4	planned_task_marker
1127.1308	0	1127132	participant_response	40	4	planned_task_marker
1128.6847	0	1128686	memory_array_onset	61	6	planned_task_marker
1129.1881	0	1129189	retention_interval_onset	62	6	planned_task_marker
1130.1881	0	1130189	response_screen_onset	638	6	nonstandard_raw_marker
1133.3549	0	1133356	participant_response	60	6	planned_task_marker
1134.9097	0	1134911	memory_array_onset	61	6	planned_task_marker
1135.4131	0	1135414	retention_interval_onset	62	6	planned_task_marker
1136.415	0	1136416	response_screen_onset	63	6	planned_task_marker
1138.1311	0	1138132	participant_response	60	6	planned_task_marker
1139.675	0	1139676	memory_array_onset	61	6	planned_task_marker
1140.1784	0	1140179	retention_interval_onset	62	6	planned_task_marker
1141.1803	0	1141181	response_screen_onset	63	6	planned_task_marker
1143.3873	0	1143388	participant_response	60	6	planned_task_marker
1144.9436	0	1144945	memory_array_onset	41	4	planned_task_marker
1145.4471	0	1145448	retention_interval_onset	42	4	planned_task_marker
1146.4483	0	1146449	response_screen_onset	43	4	planned_task_marker
1149.3163	0	1149317	participant_response	408	4	nonstandard_raw_marker
1150.8163	0	1150817	memory_array_onset	41	4	planned_task_marker
1151.3197	0	1151321	retention_interval_onset	42	4	planned_task_marker
1152.3214	0	1152322	response_screen_onset	43	4	planned_task_marker
1155.1073	0	1155108	participant_response	40	4	planned_task_marker
1156.6554	0	1156656	memory_array_onset	41	4	planned_task_marker
1157.1588	0	1157160	retention_interval_onset	42	4	planned_task_marker
1158.16	0	1158161	response_screen_onset	43	4	planned_task_marker
1161.4594	0	1161460	participant_response	40	4	planned_task_marker
1163.0147	0	1163016	memory_array_onset	21	2	planned_task_marker
1163.5181	0	1163519	retention_interval_onset	22	2	planned_task_marker
1164.5194	0	1164520	response_screen_onset	23	2	planned_task_marker
1166.8114	0	1166812	participant_response	20	2	planned_task_marker
1168.3672	0	1168368	memory_array_onset	21	2	planned_task_marker
1168.8706	0	1168872	retention_interval_onset	22	2	planned_task_marker
1169.8717	0	1169873	response_screen_onset	23	2	planned_task_marker
1171.5876	0	1171589	participant_response	20	2	planned_task_marker
1173.1324	0	1173133	memory_array_onset	61	6	planned_task_marker
1173.6359	0	1173637	retention_interval_onset	62	6	planned_task_marker
1174.6373	0	1174638	response_screen_onset	63	6	planned_task_marker
1176.9797	0	1176981	participant_response	60	6	planned_task_marker
1178.5353	0	1178536	memory_array_onset	21	2	planned_task_marker
1179.0387	0	1179040	retention_interval_onset	22	2	planned_task_marker
1180.041	0	1180042	response_screen_onset	23	2	planned_task_marker
1182.4679	0	1182469	participant_response	20	2	planned_task_marker
1184.022	0	1184023	memory_array_onset	61	6	planned_task_marker
1184.5255	0	1184527	retention_interval_onset	62	6	planned_task_marker
1185.527	0	1185528	response_screen_onset	63	6	planned_task_marker
1189.7319	0	1189733	participant_response	60	6	planned_task_marker
1191.2874	0	1191288	memory_array_onset	61	6	planned_task_marker
1191.7908	0	1191792	retention_interval_onset	62	6	planned_task_marker
1192.7908	0	1192792	response_screen_onset	638	6	nonstandard_raw_marker
1195.74	0	1195741	participant_response	60	6	planned_task_marker
1197.2943	0	1197295	memory_array_onset	41	4	planned_task_marker
1197.7977	0	1197799	retention_interval_onset	42	4	planned_task_marker
1198.7997	0	1198801	response_screen_onset	43	4	planned_task_marker
1201.1161	0	1201117	participant_response	40	4	planned_task_marker
1202.6636	0	1202665	memory_array_onset	21	2	planned_task_marker
1203.167	0	1203168	retention_interval_onset	22	2	planned_task_marker
1204.1699	0	1204171	response_screen_onset	23	2	planned_task_marker
1206.1562	0	1206157	participant_response	20	2	planned_task_marker
1207.7141	0	1207715	memory_array_onset	41	4	planned_task_marker
1208.2175	0	1208219	retention_interval_onset	42	4	planned_task_marker
1209.2189	0	1209220	response_screen_onset	43	4	planned_task_marker
1211.8363	0	1211837	participant_response	40	4	planned_task_marker
1213.3854	0	1213386	memory_array_onset	41	4	planned_task_marker
1213.8889	0	1213890	retention_interval_onset	42	4	planned_task_marker
1214.89	0	1214891	response_screen_onset	43	4	planned_task_marker
1219.1084	0	1219109	participant_response	40	4	planned_task_marker
1220.6676	0	1220669	memory_array_onset	41	4	planned_task_marker
1221.171	0	1221172	retention_interval_onset	42	4	planned_task_marker
1222.1723	0	1222173	response_screen_onset	43	4	planned_task_marker
1224.5085	0	1224510	participant_response	40	4	planned_task_marker
1226.0537	0	1226055	memory_array_onset	61	6	planned_task_marker
1226.5571	0	1226558	retention_interval_onset	62	6	planned_task_marker
1227.5591	0	1227560	response_screen_onset	63	6	planned_task_marker
1232.2127	0	1232214	participant_response	60	6	planned_task_marker
1233.772	0	1233773	memory_array_onset	21	2	planned_task_marker
1234.2754	0	1234276	retention_interval_onset	22	2	planned_task_marker
1235.2772	0	1235278	response_screen_onset	23	2	planned_task_marker
1239.0688	0	1239070	participant_response	20	2	planned_task_marker
1240.6178	0	1240619	memory_array_onset	41	4	planned_task_marker
1241.1213	0	1241122	retention_interval_onset	42	4	planned_task_marker
1242.1227	0	1242124	response_screen_onset	43	4	planned_task_marker
1244.6046	0	1244606	participant_response	408	4	nonstandard_raw_marker
1246.1046	0	1246106	memory_array_onset	61	6	planned_task_marker
1246.608	0	1246609	retention_interval_onset	62	6	planned_task_marker
1247.6094	0	1247610	response_screen_onset	63	6	planned_task_marker
1249.5969	0	1249598	participant_response	60	6	planned_task_marker
1251.1551	0	1251156	memory_array_onset	41	4	planned_task_marker
1251.6586	0	1251660	retention_interval_onset	42	4	planned_task_marker
1252.6608	0	1252662	response_screen_onset	43	4	planned_task_marker
1256.4851	0	1256486	participant_response	40	4	planned_task_marker
1258.0345	0	1258036	memory_array_onset	21	2	planned_task_marker
1258.538	0	1258539	retention_interval_onset	22	2	planned_task_marker
1259.5402	0	1259541	response_screen_onset	23	2	planned_task_marker
1262.9892	0	1262990	participant_response	20	2	planned_task_marker
1264.5448	0	1264546	memory_array_onset	61	6	planned_task_marker
1265.0483	0	1265049	retention_interval_onset	62	6	planned_task_marker
1266.0499	0	1266051	response_screen_onset	63	6	planned_task_marker
1269.6053	0	1269606	participant_response	60	6	planned_task_marker
1271.1557	0	1271157	memory_array_onset	21	2	planned_task_marker
1271.6592	0	1271660	retention_interval_onset	22	2	planned_task_marker
1272.6607	0	1272662	response_screen_onset	23	2	planned_task_marker
1274.5734	0	1274574	participant_response	20	2	planned_task_marker
1276.1224	0	1276123	memory_array_onset	21	2	planned_task_marker
1276.6258	0	1276627	retention_interval_onset	22	2	planned_task_marker
1277.6275	0	1277629	response_screen_onset	23	2	planned_task_marker
1280.0775	0	1280079	participant_response	20	2	planned_task_marker
1281.6259	0	1281627	memory_array_onset	61	6	planned_task_marker
1282.1293	0	1282130	retention_interval_onset	62	6	planned_task_marker
1283.1309	0	1283132	response_screen_onset	63	6	planned_task_marker
1285.2776	0	1285279	participant_response	60	6	planned_task_marker
1286.8274	0	1286828	memory_array_onset	21	2	planned_task_marker
1287.3308	0	1287332	retention_interval_onset	22	2	planned_task_marker
1288.3329	0	1288334	response_screen_onset	23	2	planned_task_marker
1290.6616	0	1290663	participant_response	20	2	planned_task_marker
1292.2135	0	1292215	memory_array_onset	41	4	planned_task_marker
1292.7169	0	1292718	retention_interval_onset	42	4	planned_task_marker
1293.7189	0	1293720	response_screen_onset	43	4	planned_task_marker
1296.0492	0	1296050	participant_response	408	4	nonstandard_raw_marker
1297.5492	0	1297550	memory_array_onset	21	2	planned_task_marker
1298.0527	0	1298054	retention_interval_onset	22	2	planned_task_marker
1299.0541	0	1299055	response_screen_onset	23	2	planned_task_marker
1301.7818	0	1301783	participant_response	20	2	planned_task_marker
1303.338	0	1303339	memory_array_onset	21	2	planned_task_marker
1303.8414	0	1303842	retention_interval_onset	22	2	planned_task_marker
1304.8429	0	1304844	response_screen_onset	23	2	planned_task_marker
1306.8779	0	1306879	participant_response	20	2	planned_task_marker
1308.4221	0	1308423	memory_array_onset	41	4	planned_task_marker
1308.9256	0	1308927	retention_interval_onset	42	4	planned_task_marker
1309.9278	0	1309929	response_screen_onset	43	4	planned_task_marker
1313.1639	0	1313165	participant_response	408	4	nonstandard_raw_marker
1314.6639	0	1314665	memory_array_onset	21	2	planned_task_marker
1315.1673	0	1315168	retention_interval_onset	22	2	planned_task_marker
1316.1684	0	1316169	response_screen_onset	23	2	planned_task_marker
1318.5502	0	1318551	participant_response	20	2	planned_task_marker
1320.1003	0	1320101	memory_array_onset	21	2	planned_task_marker
1320.6037	0	1320605	retention_interval_onset	22	2	planned_task_marker
1321.6052	0	1321606	response_screen_onset	23	2	planned_task_marker
1323.9025	0	1323904	participant_response	208	2	nonstandard_raw_marker
1325.4025	0	1325404	memory_array_onset	61	6	planned_task_marker
1325.9059	0	1325907	retention_interval_onset	62	6	planned_task_marker
1326.9079	0	1326909	response_screen_onset	63	6	planned_task_marker
1329.3343	0	1329335	participant_response	60	6	planned_task_marker
1330.8892	0	1330890	memory_array_onset	61	6	planned_task_marker
1331.3926	0	1331394	retention_interval_onset	62	6	planned_task_marker
1332.394	0	1332395	response_screen_onset	63	6	planned_task_marker
1334.7344	0	1334735	participant_response	60	6	planned_task_marker
1336.2921	0	1336293	memory_array_onset	61	6	planned_task_marker
1336.7955	0	1336797	retention_interval_onset	62	6	planned_task_marker
1337.7968	0	1337798	response_screen_onset	63	6	planned_task_marker
1340.0545	0	1340056	participant_response	60	6	planned_task_marker
1341.6112	0	1341612	memory_array_onset	41	4	planned_task_marker
1342.1145	0	1342116	retention_interval_onset	42	4	planned_task_marker
1343.1167	0	1343118	response_screen_onset	43	4	planned_task_marker
1345.4546	0	1345456	participant_response	40	4	planned_task_marker
1346.9971	0	1346998	memory_array_onset	21	2	planned_task_marker
1347.5005	0	1347502	retention_interval_onset	22	2	planned_task_marker
1348.5018	0	1348503	response_screen_onset	23	2	planned_task_marker
1350.8867	0	1350888	participant_response	20	2	planned_task_marker
1352.4336	0	1352435	memory_array_onset	21	2	planned_task_marker
1352.937	0	1352938	retention_interval_onset	22	2	planned_task_marker
1353.937	0	1353938	response_screen_onset	238	2	nonstandard_raw_marker
1355.7588	0	1355760	participant_response	20	2	planned_task_marker
1357.3163	0	1357317	memory_array_onset	21	2	planned_task_marker
1357.8197	0	1357821	retention_interval_onset	22	2	planned_task_marker
1358.8209	0	1358822	response_screen_onset	23	2	planned_task_marker
1361.1829	0	1361184	participant_response	20	2	planned_task_marker
1362.7359	0	1362737	memory_array_onset	41	4	planned_task_marker
1363.2393	0	1363240	retention_interval_onset	42	4	planned_task_marker
1364.241	0	1364242	response_screen_onset	43	4	planned_task_marker
1366.399	0	1366400	participant_response	40	4	planned_task_marker
1367.9542	0	1367955	memory_array_onset	21	2	planned_task_marker
1368.4577	0	1368459	retention_interval_onset	22	2	planned_task_marker
1369.459	0	1369460	response_screen_onset	23	2	planned_task_marker
1372.9591	0	1372960	participant_response	20	2	planned_task_marker
1374.5148	0	1374516	memory_array_onset	41	4	planned_task_marker
1375.0182	0	1375019	retention_interval_onset	42	4	planned_task_marker
1376.0182	0	1376019	response_screen_onset	438	4	nonstandard_raw_marker
1377.9672	0	1377968	participant_response	40	4	planned_task_marker
1379.515	0	1379516	memory_array_onset	61	6	planned_task_marker
1380.0184	0	1380019	retention_interval_onset	62	6	planned_task_marker
1381.0198	0	1381021	response_screen_onset	63	6	planned_task_marker
1383.2473	0	1383248	participant_response	60	6	planned_task_marker
1384.8004	0	1384801	memory_array_onset	61	6	planned_task_marker
1385.3038	0	1385305	retention_interval_onset	62	6	planned_task_marker
1386.3038	0	1386305	response_screen_onset	638	6	nonstandard_raw_marker
1388.3034	0	1388304	participant_response	60	6	planned_task_marker
1389.8509	0	1389852	memory_array_onset	41	4	planned_task_marker
1390.3543	0	1390355	retention_interval_onset	42	4	planned_task_marker
1391.3564	0	1391357	response_screen_onset	43	4	planned_task_marker
1393.7202	0	1393721	participant_response	408	4	nonstandard_raw_marker
1395.2202	0	1395221	memory_array_onset	41	4	planned_task_marker
1395.7236	0	1395725	retention_interval_onset	42	4	planned_task_marker
1396.7269	0	1396728	response_screen_onset	43	4	planned_task_marker
1399.0236	0	1399025	participant_response	40	4	planned_task_marker
1400.5727	0	1400574	memory_array_onset	61	6	planned_task_marker
1401.0762	0	1401077	retention_interval_onset	62	6	planned_task_marker
1402.0779	0	1402079	response_screen_onset	63	6	planned_task_marker
1404.7676	0	1404769	participant_response	60	6	planned_task_marker
1406.2998	0	1406301	end_experiment	127	n/a	planned_task_marker
1413.7995	0	1413801	eeglab_boundary	boundary	n/a	eeglab_boundary
1423.3526	0	1423354	memory_array_onset	61	6	planned_task_marker
1423.8766	0	1423878	retention_interval_onset	62	6	planned_task_marker
1424.9061	0	1424907	response_screen_onset	63	6	planned_task_marker
1427.2359	0	1427237	participant_response	60	6	planned_task_marker
1428.7889	0	1428790	memory_array_onset	41	4	planned_task_marker
1429.2923	0	1429293	retention_interval_onset	42	4	planned_task_marker
1430.3024	0	1430303	response_screen_onset	43	4	planned_task_marker
1432.3798	0	1432381	participant_response	40	4	planned_task_marker
1433.9233	0	1433924	memory_array_onset	21	2	planned_task_marker
1434.4267	0	1434428	retention_interval_onset	22	2	planned_task_marker
1435.4342	0	1435435	response_screen_onset	23	2	planned_task_marker
1437.7591	0	1437760	participant_response	208	2	nonstandard_raw_marker
1439.2591	0	1439260	memory_array_onset	61	6	planned_task_marker
1439.7625	0	1439764	retention_interval_onset	62	6	planned_task_marker
1440.7663	0	1440767	response_screen_onset	63	6	planned_task_marker
1444.7727	0	1444774	participant_response	608	6	nonstandard_raw_marker
1446.2727	0	1446274	memory_array_onset	21	2	planned_task_marker
1446.7761	0	1446777	retention_interval_onset	22	2	planned_task_marker
1447.7818	0	1447783	response_screen_onset	23	2	planned_task_marker
1449.8232	0	1449824	participant_response	208	2	nonstandard_raw_marker
1451.3232	0	1451324	memory_array_onset	61	6	planned_task_marker
1451.8267	0	1451828	retention_interval_onset	62	6	planned_task_marker
1452.83	0	1452831	response_screen_onset	63	6	planned_task_marker
1455.2443	0	1455245	participant_response	60	6	planned_task_marker
1456.7932	0	1456794	memory_array_onset	21	2	planned_task_marker
1457.2966	0	1457298	retention_interval_onset	22	2	planned_task_marker
1458.2982	0	1458299	response_screen_onset	23	2	planned_task_marker
1460.8444	0	1460845	participant_response	20	2	planned_task_marker
1462.3974	0	1462398	memory_array_onset	41	4	planned_task_marker
1462.9009	0	1462902	retention_interval_onset	42	4	planned_task_marker
1463.9078	0	1463909	response_screen_onset	43	4	planned_task_marker
1466.5245	0	1466526	participant_response	40	4	planned_task_marker
1468.0687	0	1468070	memory_array_onset	61	6	planned_task_marker
1468.5721	0	1468573	retention_interval_onset	62	6	planned_task_marker
1469.5738	0	1469575	response_screen_onset	63	6	planned_task_marker
1472.7086	0	1472710	participant_response	60	6	planned_task_marker
1474.2602	0	1474261	memory_array_onset	61	6	planned_task_marker
1474.7637	0	1474765	retention_interval_onset	62	6	planned_task_marker
1475.7637	0	1475765	response_screen_onset	638	6	nonstandard_raw_marker
1477.8446	0	1477846	participant_response	60	6	planned_task_marker
1479.3946	0	1479396	memory_array_onset	21	2	planned_task_marker
1479.898	0	1479899	retention_interval_onset	22	2	planned_task_marker
1480.9001	0	1480901	response_screen_onset	23	2	planned_task_marker
1483.2047	0	1483206	participant_response	20	2	planned_task_marker
1484.7639	0	1484765	memory_array_onset	21	2	planned_task_marker
1485.2673	0	1485268	retention_interval_onset	22	2	planned_task_marker
1486.2686	0	1486270	response_screen_onset	23	2	planned_task_marker
1489.1366	0	1489138	participant_response	208	2	nonstandard_raw_marker
1490.6366	0	1490638	memory_array_onset	21	2	planned_task_marker
1491.14	0	1491141	retention_interval_onset	22	2	planned_task_marker
1492.1414	0	1492142	response_screen_onset	23	2	planned_task_marker
1494.4769	0	1494478	participant_response	20	2	planned_task_marker
1496.0227	0	1496024	memory_array_onset	61	6	planned_task_marker
1496.5261	0	1496527	retention_interval_onset	62	6	planned_task_marker
1497.5261	0	1497527	response_screen_onset	638	6	nonstandard_raw_marker
1499.621	0	1499622	participant_response	60	6	planned_task_marker
1501.1739	0	1501175	memory_array_onset	41	4	planned_task_marker
1501.6773	0	1501678	retention_interval_onset	42	4	planned_task_marker
1502.6787	0	1502680	response_screen_onset	43	4	planned_task_marker
1508.2853	0	1508286	participant_response	40	4	planned_task_marker
1509.8319	0	1509833	memory_array_onset	61	6	planned_task_marker
1510.3352	0	1510336	retention_interval_onset	62	6	planned_task_marker
1511.3367	0	1511338	response_screen_onset	63	6	planned_task_marker
1515.1175	0	1515119	participant_response	60	6	planned_task_marker
1516.6609	0	1516662	memory_array_onset	41	4	planned_task_marker
1517.1643	0	1517165	retention_interval_onset	42	4	planned_task_marker
1518.1659	0	1518167	response_screen_onset	43	4	planned_task_marker
1520.1611	0	1520162	participant_response	408	4	nonstandard_raw_marker
1521.6611	0	1521662	memory_array_onset	61	6	planned_task_marker
1522.1645	0	1522166	retention_interval_onset	62	6	planned_task_marker
1523.1665	0	1523168	response_screen_onset	63	6	planned_task_marker
1525.2775	0	1525279	participant_response	60	6	planned_task_marker
1526.829	0	1526830	memory_array_onset	21	2	planned_task_marker
1527.3324	0	1527333	retention_interval_onset	22	2	planned_task_marker
1528.3338	0	1528335	response_screen_onset	23	2	planned_task_marker
1531.6216	0	1531623	participant_response	20	2	planned_task_marker
1533.1716	0	1533173	memory_array_onset	61	6	planned_task_marker
1533.6749	0	1533676	retention_interval_onset	62	6	planned_task_marker
1534.6771	0	1534678	response_screen_onset	63	6	planned_task_marker
1536.8617	0	1536863	participant_response	60	6	planned_task_marker
1538.4066	0	1538408	memory_array_onset	21	2	planned_task_marker
1538.9101	0	1538911	retention_interval_onset	22	2	planned_task_marker
1539.9101	0	1539911	response_screen_onset	238	2	nonstandard_raw_marker
1541.8217	0	1541823	participant_response	20	2	planned_task_marker
1543.3732	0	1543374	memory_array_onset	41	4	planned_task_marker
1543.8766	0	1543878	retention_interval_onset	42	4	planned_task_marker
1544.8781	0	1544879	response_screen_onset	43	4	planned_task_marker
1547.3339	0	1547335	participant_response	40	4	planned_task_marker
1548.8768	0	1548878	memory_array_onset	41	4	planned_task_marker
1549.3801	0	1549381	retention_interval_onset	42	4	planned_task_marker
1550.3801	0	1550381	response_screen_onset	438	4	nonstandard_raw_marker
1552.518	0	1552519	participant_response	40	4	planned_task_marker
1554.0615	0	1554063	memory_array_onset	61	6	planned_task_marker
1554.5649	0	1554566	retention_interval_onset	62	6	planned_task_marker
1555.5664	0	1555567	response_screen_onset	63	6	planned_task_marker
1557.4381	0	1557439	participant_response	60	6	planned_task_marker
1558.9945	0	1558996	memory_array_onset	41	4	planned_task_marker
1559.498	0	1559499	retention_interval_onset	42	4	planned_task_marker
1560.5002	0	1560501	response_screen_onset	43	4	planned_task_marker
1563.3742	0	1563375	participant_response	40	4	planned_task_marker
1564.9175	0	1564919	memory_array_onset	41	4	planned_task_marker
1565.421	0	1565422	retention_interval_onset	42	4	planned_task_marker
1566.4221	0	1566423	response_screen_onset	43	4	planned_task_marker
1568.9662	0	1568967	participant_response	40	4	planned_task_marker
1570.5218	0	1570523	memory_array_onset	41	4	planned_task_marker
1571.0251	0	1571026	retention_interval_onset	42	4	planned_task_marker
1572.0272	0	1572028	response_screen_onset	43	4	planned_task_marker
1573.7743	0	1573775	participant_response	40	4	planned_task_marker
1575.3205	0	1575322	memory_array_onset	21	2	planned_task_marker
1575.824	0	1575825	retention_interval_onset	22	2	planned_task_marker
1576.8255	0	1576827	response_screen_onset	23	2	planned_task_marker
1579.2066	0	1579208	participant_response	208	2	nonstandard_raw_marker
1580.7066	0	1580708	memory_array_onset	61	6	planned_task_marker
1581.2101	0	1581211	retention_interval_onset	62	6	planned_task_marker
1582.2112	0	1582212	response_screen_onset	63	6	planned_task_marker
1584.2907	0	1584292	participant_response	608	6	nonstandard_raw_marker
1585.7907	0	1585792	memory_array_onset	21	2	planned_task_marker
1586.2941	0	1586295	retention_interval_onset	22	2	planned_task_marker
1587.2941	0	1587295	response_screen_onset	238	2	nonstandard_raw_marker
1593.6031	0	1593604	participant_response	208	2	nonstandard_raw_marker
1595.1031	0	1595104	memory_array_onset	41	4	planned_task_marker
1595.6065	0	1595608	retention_interval_onset	42	4	planned_task_marker
1596.608	0	1596609	response_screen_onset	43	4	planned_task_marker
1598.771	0	1598772	participant_response	408	4	nonstandard_raw_marker
1600.271	0	1600272	memory_array_onset	41	4	planned_task_marker
1600.7744	0	1600775	retention_interval_onset	42	4	planned_task_marker
1601.7744	0	1601775	response_screen_onset	438	4	nonstandard_raw_marker
1603.8709	0	1603872	participant_response	40	4	planned_task_marker
1605.4222	0	1605423	memory_array_onset	21	2	planned_task_marker
1605.9256	0	1605927	retention_interval_onset	22	2	planned_task_marker
1606.9275	0	1606929	response_screen_onset	23	2	planned_task_marker
1610.503	0	1610504	participant_response	20	2	planned_task_marker
1612.05	0	1612051	memory_array_onset	61	6	planned_task_marker
1612.5533	0	1612554	retention_interval_onset	62	6	planned_task_marker
1613.5544	0	1613555	response_screen_onset	63	6	planned_task_marker
1615.351	0	1615352	participant_response	60	6	planned_task_marker
1616.8991	0	1616900	memory_array_onset	41	4	planned_task_marker
1617.4025	0	1617404	retention_interval_onset	42	4	planned_task_marker
1618.4025	0	1618404	response_screen_onset	438	4	nonstandard_raw_marker
1619.9591	0	1619960	participant_response	40	4	planned_task_marker
1621.5134	0	1621514	memory_array_onset	21	2	planned_task_marker
1622.0167	0	1622018	retention_interval_onset	22	2	planned_task_marker
1623.0184	0	1623019	response_screen_onset	23	2	planned_task_marker
1625.3113	0	1625312	participant_response	20	2	planned_task_marker
1626.8659	0	1626867	memory_array_onset	21	2	planned_task_marker
1627.3692	0	1627370	retention_interval_onset	22	2	planned_task_marker
1628.3705	0	1628372	response_screen_onset	23	2	planned_task_marker
1631.2393	0	1631240	participant_response	20	2	planned_task_marker
1632.7889	0	1632790	memory_array_onset	41	4	planned_task_marker
1633.2922	0	1633293	retention_interval_onset	42	4	planned_task_marker
1634.2934	0	1634294	response_screen_onset	43	4	planned_task_marker
1636.5274	0	1636528	participant_response	40	4	planned_task_marker
1638.0743	0	1638075	memory_array_onset	21	2	planned_task_marker
1638.5777	0	1638579	retention_interval_onset	22	2	planned_task_marker
1639.5777	0	1639579	response_screen_onset	238	2	nonstandard_raw_marker
1641.8765	0	1641878	participant_response	208	2	nonstandard_raw_marker
1643.3765	0	1643378	memory_array_onset	21	2	planned_task_marker
1643.8799	0	1643881	retention_interval_onset	22	2	planned_task_marker
1644.8834	0	1644884	response_screen_onset	23	2	planned_task_marker
1646.7116	0	1646713	participant_response	20	2	planned_task_marker
1648.2592	0	1648260	memory_array_onset	41	4	planned_task_marker
1648.7626	0	1648764	retention_interval_onset	42	4	planned_task_marker
1649.7645	0	1649766	response_screen_onset	43	4	planned_task_marker
1652.4877	0	1652489	participant_response	40	4	planned_task_marker
1654.0313	0	1654032	memory_array_onset	21	2	planned_task_marker
1654.5346	0	1654536	retention_interval_onset	22	2	planned_task_marker
1655.5365	0	1655538	response_screen_onset	23	2	planned_task_marker
1657.5198	0	1657521	participant_response	20	2	planned_task_marker
1659.0649	0	1659066	memory_array_onset	61	6	planned_task_marker
1659.5683	0	1659569	retention_interval_onset	62	6	planned_task_marker
1660.5683	0	1660569	response_screen_onset	638	6	nonstandard_raw_marker
1662.4959	0	1662497	participant_response	60	6	planned_task_marker
1664.0483	0	1664049	memory_array_onset	61	6	planned_task_marker
1664.5517	0	1664553	retention_interval_onset	62	6	planned_task_marker
1665.5537	0	1665555	response_screen_onset	63	6	planned_task_marker
1667.944	0	1667945	participant_response	60	6	planned_task_marker
1669.5015	0	1669503	memory_array_onset	21	2	planned_task_marker
1670.0049	0	1670006	retention_interval_onset	22	2	planned_task_marker
1671.0068	0	1671008	response_screen_onset	23	2	planned_task_marker
1674.0001	0	1674001	participant_response	20	2	planned_task_marker
1675.5587	0	1675560	memory_array_onset	61	6	planned_task_marker
1676.0621	0	1676063	retention_interval_onset	62	6	planned_task_marker
1677.0636	0	1677065	response_screen_onset	63	6	planned_task_marker
1678.9762	0	1678977	participant_response	60	6	planned_task_marker
1680.5253	0	1680526	memory_array_onset	41	4	planned_task_marker
1681.0287	0	1681030	retention_interval_onset	42	4	planned_task_marker
1682.0287	0	1682030	response_screen_onset	438	4	nonstandard_raw_marker
1686.1123	0	1686113	participant_response	40	4	planned_task_marker
1687.6564	0	1687657	memory_array_onset	21	2	planned_task_marker
1688.1599	0	1688161	retention_interval_onset	22	2	planned_task_marker
1689.1614	0	1689162	response_screen_onset	23	2	planned_task_marker
1691.7844	0	1691785	participant_response	20	2	planned_task_marker
1693.3278	0	1693329	memory_array_onset	21	2	planned_task_marker
1693.8312	0	1693832	retention_interval_onset	22	2	planned_task_marker
1694.8328	0	1694834	response_screen_onset	23	2	planned_task_marker
1696.7205	0	1696722	participant_response	20	2	planned_task_marker
1698.2776	0	1698279	memory_array_onset	21	2	planned_task_marker
1698.7811	0	1698782	retention_interval_onset	22	2	planned_task_marker
1699.7839	0	1699785	response_screen_onset	23	2	planned_task_marker
1701.761	0	1701762	participant_response	208	2	nonstandard_raw_marker
1703.261	0	1703262	memory_array_onset	61	6	planned_task_marker
1703.7644	0	1703765	retention_interval_onset	62	6	planned_task_marker
1704.7665	0	1704768	response_screen_onset	63	6	planned_task_marker
1708.2567	0	1708258	participant_response	60	6	planned_task_marker
1709.8048	0	1709806	memory_array_onset	21	2	planned_task_marker
1710.3082	0	1710309	retention_interval_onset	22	2	planned_task_marker
1711.3082	0	1711309	response_screen_onset	238	2	nonstandard_raw_marker
1714.4168	0	1714418	participant_response	20	2	planned_task_marker
1715.9627	0	1715964	memory_array_onset	61	6	planned_task_marker
1716.4662	0	1716467	retention_interval_onset	62	6	planned_task_marker
1717.4676	0	1717469	response_screen_onset	63	6	planned_task_marker
1719.4569	0	1719458	participant_response	60	6	planned_task_marker
1721.0132	0	1721014	memory_array_onset	21	2	planned_task_marker
1721.5167	0	1721518	retention_interval_onset	22	2	planned_task_marker
1722.5185	0	1722520	response_screen_onset	23	2	planned_task_marker
1724.6476	0	1724649	participant_response	208	2	nonstandard_raw_marker
1726.1476	0	1726149	memory_array_onset	61	6	planned_task_marker
1726.6511	0	1726652	retention_interval_onset	62	6	planned_task_marker
1727.6522	0	1727653	response_screen_onset	63	6	planned_task_marker
1730.2491	0	1730250	participant_response	60	6	planned_task_marker
1731.8022	0	1731803	memory_array_onset	41	4	planned_task_marker
1732.3055	0	1732307	retention_interval_onset	42	4	planned_task_marker
1733.3076	0	1733309	response_screen_onset	43	4	planned_task_marker
1735.5451	0	1735546	participant_response	40	4	planned_task_marker
1737.0876	0	1737089	memory_array_onset	41	4	planned_task_marker
1737.591	0	1737592	retention_interval_onset	42	4	planned_task_marker
1738.5924	0	1738593	response_screen_onset	43	4	planned_task_marker
1741.5609	0	1741562	participant_response	408	4	nonstandard_raw_marker
1743.0609	0	1743062	memory_array_onset	21	2	planned_task_marker
1743.5644	0	1743565	retention_interval_onset	22	2	planned_task_marker
1744.5665	0	1744568	response_screen_onset	23	2	planned_task_marker
1747.3774	0	1747378	participant_response	20	2	planned_task_marker
1748.9336	0	1748935	memory_array_onset	61	6	planned_task_marker
1749.437	0	1749438	retention_interval_onset	62	6	planned_task_marker
1750.4399	0	1750441	response_screen_onset	63	6	planned_task_marker
1753.0042	0	1753005	participant_response	608	6	nonstandard_raw_marker
1754.5042	0	1754505	memory_array_onset	41	4	planned_task_marker
1755.0076	0	1755009	retention_interval_onset	42	4	planned_task_marker
1756.0098	0	1756011	response_screen_onset	43	4	planned_task_marker
1758.1219	0	1758123	participant_response	408	4	nonstandard_raw_marker
1759.6219	0	1759623	memory_array_onset	41	4	planned_task_marker
1760.1253	0	1760126	retention_interval_onset	42	4	planned_task_marker
1761.1269	0	1761128	response_screen_onset	43	4	planned_task_marker
1763.1936	0	1763195	participant_response	40	4	planned_task_marker
1764.7395	0	1764741	memory_array_onset	41	4	planned_task_marker
1765.2429	0	1765244	retention_interval_onset	42	4	planned_task_marker
1766.2442	0	1766245	response_screen_onset	43	4	planned_task_marker
1768.2177	0	1768219	participant_response	40	4	planned_task_marker
1769.7732	0	1769774	memory_array_onset	21	2	planned_task_marker
1770.2766	0	1770278	retention_interval_onset	22	2	planned_task_marker
1771.2779	0	1771279	response_screen_onset	23	2	planned_task_marker
1773.3909	0	1773392	participant_response	208	2	nonstandard_raw_marker
1774.8909	0	1774892	memory_array_onset	61	6	planned_task_marker
1775.3942	0	1775395	retention_interval_onset	62	6	planned_task_marker
1776.3958	0	1776397	response_screen_onset	63	6	planned_task_marker
1778.8943	0	1778895	participant_response	608	6	nonstandard_raw_marker
1780.3943	0	1780395	memory_array_onset	41	4	planned_task_marker
1780.8978	0	1780899	retention_interval_onset	42	4	planned_task_marker
1781.8992	0	1781900	response_screen_onset	43	4	planned_task_marker
1784.114	0	1784115	participant_response	40	4	planned_task_marker
1785.663	0	1785664	memory_array_onset	61	6	planned_task_marker
1786.1664	0	1786167	retention_interval_onset	62	6	planned_task_marker
1787.1679	0	1787169	response_screen_onset	63	6	planned_task_marker
1788.9701	0	1788971	participant_response	60	6	planned_task_marker
1790.5289	0	1790530	memory_array_onset	61	6	planned_task_marker
1791.0324	0	1791033	retention_interval_onset	62	6	planned_task_marker
1792.0346	0	1792036	response_screen_onset	63	6	planned_task_marker
1793.7382	0	1793739	participant_response	60	6	planned_task_marker
1795.2942	0	1795295	memory_array_onset	41	4	planned_task_marker
1795.7975	0	1795799	retention_interval_onset	42	4	planned_task_marker
1796.7988	0	1796800	response_screen_onset	43	4	planned_task_marker
1798.6744	0	1798675	participant_response	40	4	planned_task_marker
1800.2272	0	1800228	memory_array_onset	21	2	planned_task_marker
1800.7306	0	1800732	retention_interval_onset	22	2	planned_task_marker
1801.7324	0	1801733	response_screen_onset	23	2	planned_task_marker
1803.3918	0	1803393	participant_response	208	2	nonstandard_raw_marker
1804.8918	0	1804893	memory_array_onset	41	4	planned_task_marker
1805.3952	0	1805396	retention_interval_onset	42	4	planned_task_marker
1806.3965	0	1806398	response_screen_onset	43	4	planned_task_marker
1808.5944	0	1808595	participant_response	40	4	planned_task_marker
1810.1436	0	1810145	memory_array_onset	41	4	planned_task_marker
1810.6471	0	1810648	retention_interval_onset	42	4	planned_task_marker
1811.6487	0	1811650	response_screen_onset	43	4	planned_task_marker
1813.4745	0	1813476	participant_response	40	4	planned_task_marker
1815.0264	0	1815027	memory_array_onset	41	4	planned_task_marker
1815.5298	0	1815531	retention_interval_onset	42	4	planned_task_marker
1816.5319	0	1816533	response_screen_onset	43	4	planned_task_marker
1818.4506	0	1818452	participant_response	40	4	planned_task_marker
1819.993	0	1819994	memory_array_onset	61	6	planned_task_marker
1820.4963	0	1820497	retention_interval_onset	62	6	planned_task_marker
1821.4988	0	1821500	response_screen_onset	63	6	planned_task_marker
1824.1227	0	1824124	participant_response	60	6	planned_task_marker
1825.6811	0	1825682	memory_array_onset	61	6	planned_task_marker
1826.1845	0	1826186	retention_interval_onset	62	6	planned_task_marker
1827.1866	0	1827188	response_screen_onset	63	6	planned_task_marker
1829.3948	0	1829396	participant_response	60	6	planned_task_marker
1830.9497	0	1830951	memory_array_onset	61	6	planned_task_marker
1831.4531	0	1831454	retention_interval_onset	62	6	planned_task_marker
1832.4553	0	1832456	response_screen_onset	63	6	planned_task_marker
1834.1709	0	1834172	participant_response	60	6	planned_task_marker
1835.6997	0	1835701	end_experiment	127	n/a	planned_task_marker
