onset	duration	sample	trial_type	value
0.8935	0	895	200001	200001
14.0719	0	14073	128	128
15.8569	0	15858	128	128
52.1978	0	52199	128	128
57.2787	0	57280	128	128
61.6538	0	61655	128	128
85.7042	0	85705	128	128
88.1639	0	88165	128	128
88.8648	0	88866	128	128
110.7245	0	110726	128	128
116.5557	0	116557	128	128
128.8442	0	128845	128	128
174.6815	0	174683	128	128
174.6827	0	174684	128	128
175.1294	0	175130	128	128
193.3886	0	193390	128	128
200.6373	0	200638	128	128
205.4139	0	205415	128	128
220.9666	0	220968	128	128
223.5012	0	223502	128	128
230.0839	0	230085	128	128
234.7846	0	234786	128	128
238.9158	0	238917	128	128
244.0348	0	244036	128	128
269.9348	0	269936	128	128
274.4989	0	274500	128	128
291.6528	0	291654	128	128
296.1759	0	296177	128	128
296.6102	0	296611	128	128
301.4444	0	301445	128	128
305.2214	0	305222	128	128
315.5301	0	315531	128	128
321.8031	0	321804	128	128
322.5815	0	322583	128	128
323.2436	0	323245	128	128
337.4061	0	337407	128	128
342.6061	0	342607	128	128
348.9885	0	348990	128	128
368.7918	0	368793	128	128
368.8919	0	368893	128	128
369.6229	0	369624	128	128
372.9832	0	372984	128	128
374.479	0	374480	128	128
374.7593	0	374760	128	128
377.3689	0	377370	128	128
385.0948	0	385096	128	128
394.0438	0	394045	128	128
429.1553	0	429156	128	128
433.4576	0	433459	128	128
438.3347	0	438336	128	128
453.7724	0	453773	128	128
462.5393	0	462540	128	128
462.5396	0	462541	128	128
478.2136	0	478215	128	128
484.6067	0	484608	200002	200002
