trial_index	blockcode	trialcode	span_length	stimulus	correct_response	response	error_count	mean_length	mean_span
3	backward_block	b_trial2	2	82	28	28	0	2	0
4	backward_block	b_trial3	3	693	396	396	0	3	0
5	backward_block	b_trial4	4	3158	8513	8513	0	4	0
6	backward_block	b_trial5	5	42679	97624	97624	0	5	0
7	backward_block	b_trial6	6	918463	364819	364819	0	6	0
8	backward_block	b_trial7	7	4627158	8517264	8517264	0	7	0
9	backward_block	b_trial8	8	64982157	75128946	9817546	1	7	0
10	backward_block	b_trial8	8	52364791	19746325	91746235	2	7	0
11	backward_block	b_trial7	7	9274516	6154729	61547329	1	7	0
12	backward_block	b_trial7	7	7523961	1693257	1693257	1	7	0
13	backward_block	b_trial8	8	75943618	81634957	81634957	0	8	0
14	backward_block	b_trial9	9	783425691	196524387	91436287	1	8	0
15	backward_block	b_trial9	9	534296178	871692435	71296	2	8	0
16	backward_block	b_trial8	8	98245371	17354289	17354289	0	8	0
17	backward_block	b_exit	8	98245371	17354289	17354289	0	8	7.66666666666667
