trial	stim	rt	response	target	correctness
1	G	n/a	0	0	1
2	F	n/a	0	0	1
3	C	n/a	0	0	1
4	F	n/a	0	1	0
5	D	n/a	0	0	1
6	J	n/a	0	0	1
7	D	0.600597159675	1	1	1
8	H	n/a	0	0	1
9	B	n/a	0	0	1
10	H	0.750912703341	1	1	1
11	G	n/a	0	0	1
12	H	0.617172894476	1	1	1
13	G	0.900023343216	1	1	1
14	A	n/a	0	0	1
15	I	n/a	0	0	1
16	A	0.468510247418	1	1	1
17	J	n/a	0	0	1
18	G	n/a	0	0	1
19	A	n/a	0	0	1
20	G	0.616472597976	1	1	1
21	C	n/a	0	0	1
22	D	n/a	0	0	1
23	C	n/a	0	1	0
24	E	n/a	0	0	1
25	A	n/a	0	0	1
26	F	n/a	0	0	1
27	A	0.600498699714	1	1	1
28	C	n/a	0	0	1
29	I	n/a	0	0	1
30	B	n/a	0	0	1
31	I	0.367394326822	1	1	1
32	A	n/a	0	0	1
33	J	n/a	0	0	1
34	G	n/a	0	0	1
35	E	n/a	0	0	1
36	B	n/a	0	0	1
37	E	0.633559093825	1	1	1
38	J	n/a	0	0	1
39	J	n/a	0	0	1
40	G	0.166985635922	1	0	0
41	J	0.31766794296	1	1	1
42	I	n/a	0	0	1
43	D	n/a	0	0	1
44	B	n/a	0	0	1
45	I	n/a	0	0	1
46	B	0.716441460012	1	1	1
47	H	n/a	0	0	1
48	F	n/a	0	0	1
49	E	n/a	0	0	1
50	I	n/a	0	0	1
51	E	0.350887924258	1	1	1
52	H	n/a	0	0	1
53	A	n/a	0	0	1
54	C	n/a	0	0	1
55	I	n/a	0	0	1
56	B	n/a	0	0	1
57	F	n/a	0	0	1
58	J	n/a	0	0	1
59	F	0.716529663739	1	1	1
60	J	0.633129151975	1	1	1
61	H	n/a	0	0	1
62	D	n/a	0	0	1
63	E	n/a	0	0	1
64	D	0.900276057131	1	1	1
65	C	n/a	0	0	1
66	G	n/a	0	0	1
67	B	n/a	0	0	1
68	G	0.600644338396	1	1	1
69	A	n/a	0	0	1
70	F	n/a	0	0	1
71	I	n/a	0	0	1
72	F	n/a	0	1	0
73	C	n/a	0	0	1
74	B	n/a	0	0	1
75	C	0.284408167412	1	1	1
76	E	n/a	0	0	1
77	H	n/a	0	0	1
78	A	n/a	0	0	1
79	H	0.417257734138	1	1	1
80	I	n/a	0	0	1
81	F	n/a	0	0	1
82	G	n/a	0	0	1
83	C	n/a	0	0	1
84	G	0.416785536567	1	1	1
85	F	n/a	0	0	1
86	J	n/a	0	0	1
87	D	n/a	0	0	1
88	J	0.949858443288	1	1	1
89	C	n/a	0	0	1
90	F	n/a	0	0	1
91	H	n/a	0	0	1
92	A	n/a	0	0	1
93	E	n/a	0	0	1
94	A	n/a	0	1	0
95	D	n/a	0	0	1
96	G	n/a	0	0	1
97	D	0.533586949779	1	1	1
98	I	n/a	0	0	1
99	J	n/a	0	0	1
100	I	0.81657319123	1	1	1
101	E	n/a	0	0	1
102	C	n/a	0	0	1
103	E	0.717127808006	1	1	1
104	H	n/a	0	0	1
105	I	n/a	0	0	1
106	C	n/a	0	0	1
107	A	n/a	0	0	1
108	B	n/a	0	0	1
109	D	n/a	0	0	1
110	G	n/a	0	0	1
111	H	n/a	0	0	1
112	B	n/a	0	0	1
113	A	n/a	0	0	1
114	B	0.501074239219	1	1	1
115	E	n/a	0	0	1
116	J	n/a	0	0	1
117	C	n/a	0	0	1
118	E	n/a	0	0	1
119	J	n/a	0	0	1
120	E	0.75057055497	1	1	1
121	J	0.600439213493	1	1	1
122	B	n/a	0	0	1
123	G	n/a	0	0	1
124	B	0.633123818741	1	1	1
125	D	n/a	0	0	1
126	I	n/a	0	0	1
127	D	0.499943180388	1	1	1
128	F	n/a	0	0	1
129	H	n/a	0	0	1
130	C	n/a	0	0	1
